CREATE TABLE eapi.migrations
(
    id int(10) unsigned PRIMARY KEY NOT NULL AUTO_INCREMENT,
    migration varchar(191) NOT NULL,
    batch int(11) NOT NULL
);
INSERT INTO eapi.migrations (id, migration, batch) VALUES (1, '2014_10_12_000000_create_users_table', 1);
INSERT INTO eapi.migrations (id, migration, batch) VALUES (2, '2014_10_12_100000_create_password_resets_table', 1);
INSERT INTO eapi.migrations (id, migration, batch) VALUES (3, '2018_08_12_072133_create_products_table', 1);
INSERT INTO eapi.migrations (id, migration, batch) VALUES (4, '2018_08_12_072207_create_reviews_table', 1);
CREATE TABLE eapi.password_resets
(
    email varchar(191) NOT NULL,
    token varchar(191) NOT NULL,
    created_at timestamp
);
CREATE INDEX password_resets_email_index ON eapi.password_resets (email);
CREATE TABLE eapi.products
(
    id int(10) unsigned PRIMARY KEY NOT NULL AUTO_INCREMENT,
    name varchar(191) NOT NULL,
    detail text NOT NULL,
    price int(11) NOT NULL,
    stock int(11) NOT NULL,
    discount int(11) NOT NULL,
    created_at timestamp,
    updated_at timestamp
);
INSERT INTO eapi.products (id, name, detail, price, stock, discount, created_at, updated_at) VALUES (1, 'voluptatem', 'Explicabo et expedita saepe tempora sapiente voluptatem ipsam quae. Necessitatibus et doloribus mollitia ad corporis voluptates eum. Tempore voluptas vel et possimus ipsam voluptates.', 403, 2, 4, '2018-08-12 11:50:45', '2018-08-12 11:50:45');
INSERT INTO eapi.products (id, name, detail, price, stock, discount, created_at, updated_at) VALUES (2, 'eum', 'Facere aliquam dolores numquam autem esse sit aliquid. Labore maxime in a. Mollitia maxime aliquam numquam voluptas qui. Expedita quo quia facilis aut voluptatem mollitia. Asperiores quas eveniet impedit doloribus itaque vel et.', 706, 2, 5, '2018-08-12 11:50:46', '2018-08-12 11:50:46');
INSERT INTO eapi.products (id, name, detail, price, stock, discount, created_at, updated_at) VALUES (3, 'qui', 'Ratione laudantium molestiae voluptatem quis. Tenetur quis aliquid aut quidem sed occaecati. Aperiam quam facilis sint illum quo omnis velit.', 861, 0, 3, '2018-08-12 11:50:46', '2018-08-12 11:50:46');
INSERT INTO eapi.products (id, name, detail, price, stock, discount, created_at, updated_at) VALUES (4, 'ex', 'Ut occaecati quae quidem molestias vero saepe. Maiores aut magnam magni totam et magnam. Quaerat est eos nesciunt neque vel repudiandae et. Eveniet fuga quam voluptas rerum.', 161, 3, 5, '2018-08-12 11:50:46', '2018-08-12 11:50:46');
INSERT INTO eapi.products (id, name, detail, price, stock, discount, created_at, updated_at) VALUES (5, 'distinctio', 'Nihil facere neque dolore similique aspernatur. Occaecati assumenda sit voluptates.', 241, 0, 3, '2018-08-12 11:50:46', '2018-08-12 11:50:46');
INSERT INTO eapi.products (id, name, detail, price, stock, discount, created_at, updated_at) VALUES (6, 'et', 'Aut laudantium et corporis sit quo. Dicta non tenetur suscipit est dolor. Repellat numquam vero quia omnis aspernatur impedit.', 953, 1, 14, '2018-08-12 11:50:46', '2018-08-12 11:50:46');
INSERT INTO eapi.products (id, name, detail, price, stock, discount, created_at, updated_at) VALUES (7, 'modi', 'Consequuntur corporis voluptatem sunt quo aut. Excepturi eveniet consequatur voluptas possimus. Facere maxime eaque suscipit quis et aut. Fuga temporibus excepturi voluptatibus. Aut sit sunt sed.', 231, 9, 11, '2018-08-12 11:50:46', '2018-08-12 11:50:46');
INSERT INTO eapi.products (id, name, detail, price, stock, discount, created_at, updated_at) VALUES (8, 'ipsum', 'Aspernatur doloremque iste dolorum magni. Quisquam animi aut dolorum eos. Soluta iusto quia fuga ut fugit corrupti praesentium.', 341, 7, 14, '2018-08-12 11:50:46', '2018-08-12 11:50:46');
INSERT INTO eapi.products (id, name, detail, price, stock, discount, created_at, updated_at) VALUES (9, 'illo', 'Repellendus dolor illo inventore ab officia cupiditate harum minus. Hic reiciendis maiores a suscipit hic voluptate voluptatem. Voluptatem nemo perferendis est quia itaque aut. Ducimus voluptate reiciendis quasi odio provident et.', 998, 8, 23, '2018-08-12 11:50:46', '2018-08-12 11:50:46');
INSERT INTO eapi.products (id, name, detail, price, stock, discount, created_at, updated_at) VALUES (10, 'dolore', 'At velit voluptas incidunt omnis alias. Vero ut voluptate molestiae hic quasi est et. Dolorem veniam pariatur numquam aut adipisci animi.', 961, 7, 2, '2018-08-12 11:50:46', '2018-08-12 11:50:46');
INSERT INTO eapi.products (id, name, detail, price, stock, discount, created_at, updated_at) VALUES (11, 'distinctio', 'Dolores praesentium enim odio consequuntur ratione odit enim. Sint temporibus dicta ipsam labore. Reprehenderit ut et laborum illo. Omnis laborum saepe exercitationem facere nam.', 545, 7, 9, '2018-08-12 11:50:46', '2018-08-12 11:50:46');
INSERT INTO eapi.products (id, name, detail, price, stock, discount, created_at, updated_at) VALUES (12, 'commodi', 'Et pariatur ipsam quasi quisquam. Ut nostrum velit et repudiandae cum eius facere. Doloremque qui voluptas suscipit unde officia repudiandae illum quia. Saepe est debitis et culpa occaecati quia.', 189, 9, 6, '2018-08-12 11:50:46', '2018-08-12 11:50:46');
INSERT INTO eapi.products (id, name, detail, price, stock, discount, created_at, updated_at) VALUES (13, 'provident', 'Nisi rerum hic quia voluptas. Recusandae rerum minima et aut voluptas. Ut consequatur magni dignissimos voluptate explicabo fuga veniam. Quo voluptatem voluptas facere ducimus laborum consequuntur.', 636, 7, 22, '2018-08-12 11:50:46', '2018-08-12 11:50:46');
INSERT INTO eapi.products (id, name, detail, price, stock, discount, created_at, updated_at) VALUES (14, 'incidunt', 'Dolor hic quis qui natus delectus aut. Esse harum corporis libero repellendus fugiat molestiae. Natus esse quae nam.', 388, 4, 25, '2018-08-12 11:50:46', '2018-08-12 11:50:46');
INSERT INTO eapi.products (id, name, detail, price, stock, discount, created_at, updated_at) VALUES (15, 'sed', 'Vero consectetur saepe neque rem nulla. Eligendi numquam quas id nobis rerum. Accusantium ducimus molestiae sint sint illo eius consequatur. Molestias amet doloribus voluptatem quo voluptas.', 888, 3, 8, '2018-08-12 11:50:46', '2018-08-12 11:50:46');
INSERT INTO eapi.products (id, name, detail, price, stock, discount, created_at, updated_at) VALUES (16, 'quia', 'Quod commodi ut maiores eligendi ut similique velit. Nobis in delectus possimus consequatur quasi amet ad. Dolorum dignissimos repellat culpa aperiam sequi aut. Accusamus minima autem quasi. Beatae cum voluptatum maiores eveniet distinctio odit.', 477, 8, 14, '2018-08-12 11:50:46', '2018-08-12 11:50:46');
INSERT INTO eapi.products (id, name, detail, price, stock, discount, created_at, updated_at) VALUES (17, 'dolores', 'Corrupti quas consequatur nihil aut rerum cupiditate. Soluta est quis in quia.', 845, 7, 8, '2018-08-12 11:50:46', '2018-08-12 11:50:46');
INSERT INTO eapi.products (id, name, detail, price, stock, discount, created_at, updated_at) VALUES (18, 'delectus', 'Odit eveniet similique beatae veniam autem laboriosam ut. Et a distinctio repudiandae odio assumenda. Repudiandae qui esse cupiditate veniam.', 874, 0, 3, '2018-08-12 11:50:46', '2018-08-12 11:50:46');
INSERT INTO eapi.products (id, name, detail, price, stock, discount, created_at, updated_at) VALUES (19, 'est', 'Qui nihil voluptas aspernatur amet sunt. Quas molestias numquam dolores corrupti nihil sed. Culpa quia dolorem voluptatem dolor tenetur molestiae. Deleniti explicabo doloremque ullam.', 670, 1, 17, '2018-08-12 11:50:47', '2018-08-12 11:50:47');
INSERT INTO eapi.products (id, name, detail, price, stock, discount, created_at, updated_at) VALUES (20, 'earum', 'Sit asperiores magnam excepturi distinctio est. Ut earum repudiandae molestiae reprehenderit totam. Consequatur omnis quibusdam nobis ut sunt. Labore dignissimos eos vel odit. Iure debitis reiciendis facere ipsam.', 954, 5, 13, '2018-08-12 11:50:47', '2018-08-12 11:50:47');
INSERT INTO eapi.products (id, name, detail, price, stock, discount, created_at, updated_at) VALUES (21, 'reprehenderit', 'Doloremque culpa sed et iste. Dolores omnis minima laborum excepturi. Ut cum tempore distinctio qui. Aliquam voluptas molestiae eos dolores et nisi omnis.', 861, 4, 30, '2018-08-12 11:50:47', '2018-08-12 11:50:47');
INSERT INTO eapi.products (id, name, detail, price, stock, discount, created_at, updated_at) VALUES (22, 'nostrum', 'Excepturi consequatur debitis sint eaque. Tenetur est dolores ut omnis nisi. Placeat laudantium eos aut.', 973, 7, 2, '2018-08-12 11:50:47', '2018-08-12 11:50:47');
INSERT INTO eapi.products (id, name, detail, price, stock, discount, created_at, updated_at) VALUES (23, 'temporibus', 'Animi vel dolorum dolores. Similique rerum ipsa repellendus ratione officia sequi. Eveniet ex repellat hic est voluptas at sed vel. Sapiente necessitatibus in totam odio rerum porro corrupti.', 811, 5, 11, '2018-08-12 11:50:47', '2018-08-12 11:50:47');
INSERT INTO eapi.products (id, name, detail, price, stock, discount, created_at, updated_at) VALUES (24, 'nam', 'Veniam eos consequatur nostrum doloremque quos pariatur omnis voluptatem. Culpa et perspiciatis quia impedit minima. Rerum nulla ut eum voluptatem. Delectus alias vitae vel iusto.', 343, 4, 15, '2018-08-12 11:50:47', '2018-08-12 11:50:47');
INSERT INTO eapi.products (id, name, detail, price, stock, discount, created_at, updated_at) VALUES (25, 'quam', 'Et ex ut sed ad temporibus dolores ipsa deleniti. Sint autem ex qui. Consequatur amet numquam mollitia dolor. Voluptas quia quis est ut sit.', 561, 9, 5, '2018-08-12 11:50:47', '2018-08-12 11:50:47');
INSERT INTO eapi.products (id, name, detail, price, stock, discount, created_at, updated_at) VALUES (26, 'doloribus', 'Ex sint qui laborum. Est eveniet voluptates et similique aut dolor dignissimos est. Velit vero tempore itaque quia libero perspiciatis porro a.', 413, 7, 18, '2018-08-12 11:50:47', '2018-08-12 11:50:47');
INSERT INTO eapi.products (id, name, detail, price, stock, discount, created_at, updated_at) VALUES (27, 'sit', 'Maiores quod eaque saepe in sint. Quasi ipsam maiores cupiditate omnis sunt. Eveniet eos et eligendi quae qui ea ut.', 954, 9, 12, '2018-08-12 11:50:47', '2018-08-12 11:50:47');
INSERT INTO eapi.products (id, name, detail, price, stock, discount, created_at, updated_at) VALUES (28, 'distinctio', 'Ratione et nesciunt et ut. Id ducimus voluptatum reiciendis sunt. Magnam error commodi rem itaque fugit sunt molestiae. Ratione magni animi sapiente quas et expedita.', 662, 4, 24, '2018-08-12 11:50:47', '2018-08-12 11:50:47');
INSERT INTO eapi.products (id, name, detail, price, stock, discount, created_at, updated_at) VALUES (29, 'voluptatum', 'Et consequatur rerum dolorem. In distinctio ut quia cumque natus magnam. Ut enim et voluptatum. Qui ut distinctio et inventore.', 388, 2, 22, '2018-08-12 11:50:47', '2018-08-12 11:50:47');
INSERT INTO eapi.products (id, name, detail, price, stock, discount, created_at, updated_at) VALUES (30, 'velit', 'Enim est sunt id itaque est consectetur velit. Est qui facere facere eum fugit qui. Culpa velit esse totam eius beatae in illum.', 973, 4, 30, '2018-08-12 11:50:47', '2018-08-12 11:50:47');
INSERT INTO eapi.products (id, name, detail, price, stock, discount, created_at, updated_at) VALUES (31, 'excepturi', 'Totam eos porro id reprehenderit ut cupiditate asperiores. Illum tenetur facilis sed voluptas modi. Est aut non dolor nihil. Quibusdam natus officiis debitis sed consequatur.', 350, 6, 28, '2018-08-12 11:50:47', '2018-08-12 11:50:47');
INSERT INTO eapi.products (id, name, detail, price, stock, discount, created_at, updated_at) VALUES (32, 'dolores', 'Error aperiam nihil accusantium sit minima. Aut ipsam est quasi sequi non hic. Possimus quis eos sit dignissimos. Iure nesciunt hic odio ex.', 618, 2, 29, '2018-08-12 11:50:47', '2018-08-12 11:50:47');
INSERT INTO eapi.products (id, name, detail, price, stock, discount, created_at, updated_at) VALUES (33, 'a', 'Perspiciatis qui exercitationem iste vel. Ipsa sit aliquam non quas. Facilis libero fugiat sapiente est eligendi earum quas.', 757, 1, 6, '2018-08-12 11:50:47', '2018-08-12 11:50:47');
INSERT INTO eapi.products (id, name, detail, price, stock, discount, created_at, updated_at) VALUES (34, 'libero', 'Molestiae cum id culpa aut mollitia voluptatem vero. Et dolorem nisi sunt dolores. Facilis dolores voluptas et quia voluptatem ut ab vitae. Ratione eaque ut atque et praesentium.', 198, 9, 7, '2018-08-12 11:50:47', '2018-08-12 11:50:47');
INSERT INTO eapi.products (id, name, detail, price, stock, discount, created_at, updated_at) VALUES (35, 'odit', 'Est unde cum ut facilis necessitatibus distinctio. Aut debitis labore minus officiis ut quia iste architecto. Sunt voluptatem quia in velit fugit.', 570, 8, 18, '2018-08-12 11:50:47', '2018-08-12 11:50:47');
INSERT INTO eapi.products (id, name, detail, price, stock, discount, created_at, updated_at) VALUES (36, 'cumque', 'Numquam odio in aspernatur nam enim eius. Voluptate magni doloremque ut repellendus. Sed et excepturi consequatur dicta. Ut animi blanditiis voluptatem omnis.', 719, 0, 2, '2018-08-12 11:50:48', '2018-08-12 11:50:48');
INSERT INTO eapi.products (id, name, detail, price, stock, discount, created_at, updated_at) VALUES (37, 'ut', 'Impedit dolorum hic voluptas nostrum. Unde eum omnis officiis cupiditate deserunt enim. Id quo quasi quisquam quam et quo nihil. Et qui ratione blanditiis.', 684, 1, 20, '2018-08-12 11:50:48', '2018-08-12 11:50:48');
INSERT INTO eapi.products (id, name, detail, price, stock, discount, created_at, updated_at) VALUES (38, 'voluptate', 'Et dolores officia qui voluptatum. Ullam nulla nisi accusantium quisquam. Aut iusto aperiam architecto rem eum dolore.', 919, 2, 18, '2018-08-12 11:50:48', '2018-08-12 11:50:48');
INSERT INTO eapi.products (id, name, detail, price, stock, discount, created_at, updated_at) VALUES (39, 'laudantium', 'Distinctio qui quae delectus vel expedita tempore. Nihil dolorem et non consequatur iusto reiciendis. Quia commodi et in aut. Quis quia voluptatem aut dolores et qui molestias et. Quis illum harum sunt.', 144, 3, 16, '2018-08-12 11:50:48', '2018-08-12 11:50:48');
INSERT INTO eapi.products (id, name, detail, price, stock, discount, created_at, updated_at) VALUES (40, 'eveniet', 'Fugiat qui consequatur exercitationem modi officiis sed omnis sint. Et iste quidem animi iusto earum inventore. Quia eos totam autem voluptatum consectetur commodi.', 385, 9, 5, '2018-08-12 11:50:48', '2018-08-12 11:50:48');
INSERT INTO eapi.products (id, name, detail, price, stock, discount, created_at, updated_at) VALUES (41, 'ut', 'Quam deleniti quia omnis impedit delectus saepe id. Saepe ut in omnis temporibus odit omnis unde. Voluptatum deserunt quos officia cupiditate rerum.', 691, 0, 5, '2018-08-12 11:50:48', '2018-08-12 11:50:48');
INSERT INTO eapi.products (id, name, detail, price, stock, discount, created_at, updated_at) VALUES (42, 'et', 'Modi maiores ad ab quos facere est quis. Est culpa quisquam sed voluptatem temporibus enim perspiciatis.', 383, 5, 19, '2018-08-12 11:50:48', '2018-08-12 11:50:48');
INSERT INTO eapi.products (id, name, detail, price, stock, discount, created_at, updated_at) VALUES (43, 'adipisci', 'Laboriosam dolores omnis laudantium culpa sint odit voluptas ut. Cumque tempora laudantium dolores ratione. Enim voluptates voluptatem consequatur consequatur consectetur.', 259, 2, 12, '2018-08-12 11:50:48', '2018-08-12 11:50:48');
INSERT INTO eapi.products (id, name, detail, price, stock, discount, created_at, updated_at) VALUES (44, 'odit', 'Rerum et quia rem enim ut odit provident. Quidem est quis aut reprehenderit eveniet labore. Sed consequatur laboriosam eligendi quia quia quasi consectetur.', 943, 2, 13, '2018-08-12 11:50:48', '2018-08-12 11:50:48');
INSERT INTO eapi.products (id, name, detail, price, stock, discount, created_at, updated_at) VALUES (45, 'et', 'Omnis voluptatem ullam sunt minima consequatur enim blanditiis quo. Iusto iusto soluta quo dolorem ab ea mollitia non. Cumque est aut et et rerum quidem. Tenetur libero et aspernatur doloremque ut quo quia aut.', 227, 6, 28, '2018-08-12 11:50:48', '2018-08-12 11:50:48');
INSERT INTO eapi.products (id, name, detail, price, stock, discount, created_at, updated_at) VALUES (46, 'et', 'Modi corporis deleniti dolores. Nobis id molestiae modi hic. Eum minima eaque ut ab a vero nesciunt. Id ut sed saepe dolore quo eos consequatur.', 156, 4, 25, '2018-08-12 11:50:48', '2018-08-12 11:50:48');
INSERT INTO eapi.products (id, name, detail, price, stock, discount, created_at, updated_at) VALUES (47, 'est', 'Accusamus fuga sed cum. Eos quibusdam odio dolorum qui porro quia. Totam ad et sunt quaerat ea error alias consequatur.', 593, 0, 28, '2018-08-12 11:50:48', '2018-08-12 11:50:48');
INSERT INTO eapi.products (id, name, detail, price, stock, discount, created_at, updated_at) VALUES (48, 'debitis', 'Dolorum veniam laboriosam voluptatem dolorum nihil. Recusandae et consequuntur consequatur voluptas ipsa. Ullam odio fugit porro non rerum qui consequatur.', 320, 8, 29, '2018-08-12 11:50:48', '2018-08-12 11:50:48');
INSERT INTO eapi.products (id, name, detail, price, stock, discount, created_at, updated_at) VALUES (49, 'doloremque', 'Deserunt mollitia odio quo aut possimus voluptatum eveniet. Aut aut saepe dicta tenetur dolores.', 359, 7, 9, '2018-08-12 11:50:48', '2018-08-12 11:50:48');
INSERT INTO eapi.products (id, name, detail, price, stock, discount, created_at, updated_at) VALUES (50, 'optio', 'Doloribus dolorum distinctio aut cumque officiis doloribus. Ipsum repellat nemo repellat aut. Dolores amet facere mollitia.', 661, 7, 11, '2018-08-12 11:50:48', '2018-08-12 11:50:48');
CREATE TABLE eapi.reviews
(
    id int(10) unsigned PRIMARY KEY NOT NULL AUTO_INCREMENT,
    product_id int(10) unsigned NOT NULL,
    customer varchar(191) NOT NULL,
    review text NOT NULL,
    star int(11) NOT NULL,
    created_at timestamp,
    updated_at timestamp,
    CONSTRAINT reviews_product_id_foreign FOREIGN KEY (product_id) REFERENCES eapi.products (id) ON DELETE CASCADE
);
CREATE INDEX reviews_product_id_index ON eapi.reviews (product_id);
INSERT INTO eapi.reviews (id, product_id, customer, review, star, created_at, updated_at) VALUES (1, 42, 'Mr. Jermey Flatley III', 'Maiores enim ut aperiam hic. Magnam laboriosam est tempora rem. Labore itaque eos ea ut.', 4, '2018-08-12 11:50:49', '2018-08-12 11:50:49');
INSERT INTO eapi.reviews (id, product_id, customer, review, star, created_at, updated_at) VALUES (2, 49, 'Norbert Boehm', 'Non consequuntur enim consequuntur. Non quis quia sequi eaque et voluptate voluptatem quaerat. Error repudiandae at mollitia aspernatur iure.', 3, '2018-08-12 11:50:49', '2018-08-12 11:50:49');
INSERT INTO eapi.reviews (id, product_id, customer, review, star, created_at, updated_at) VALUES (3, 23, 'Dr. Katrine Carroll', 'Quis qui rerum dignissimos ea magnam. Nam consequatur quia quos a. Vero consequatur et iste voluptatum asperiores aut quia. Quas in labore explicabo sunt illum et deserunt.', 3, '2018-08-12 11:50:49', '2018-08-12 11:50:49');
INSERT INTO eapi.reviews (id, product_id, customer, review, star, created_at, updated_at) VALUES (4, 2, 'Aisha Stehr', 'Ea nobis dolor ea blanditiis omnis amet. Autem unde expedita rem porro reprehenderit non. Ut aspernatur numquam ad atque.', 3, '2018-08-12 11:50:49', '2018-08-12 11:50:49');
INSERT INTO eapi.reviews (id, product_id, customer, review, star, created_at, updated_at) VALUES (5, 15, 'Collin Senger', 'Quam enim inventore velit ea porro consequuntur nobis. Fuga voluptas corporis aut. Dolore voluptatem non voluptatem quia qui reprehenderit officia.', 2, '2018-08-12 11:50:49', '2018-08-12 11:50:49');
INSERT INTO eapi.reviews (id, product_id, customer, review, star, created_at, updated_at) VALUES (6, 39, 'Prof. Mitchel Brakus', 'Dolorum quisquam distinctio placeat recusandae error sequi minus. Itaque beatae hic sunt voluptas non doloribus possimus quo.', 4, '2018-08-12 11:50:49', '2018-08-12 11:50:49');
INSERT INTO eapi.reviews (id, product_id, customer, review, star, created_at, updated_at) VALUES (7, 5, 'Larissa Macejkovic', 'Dolor laborum aut qui est exercitationem quod ullam provident. A fuga optio ut in ut quae aut voluptas. Porro et itaque dicta. Necessitatibus modi id perspiciatis sed sit.', 3, '2018-08-12 11:50:49', '2018-08-12 11:50:49');
INSERT INTO eapi.reviews (id, product_id, customer, review, star, created_at, updated_at) VALUES (8, 4, 'Josefina O''Connell', 'Non doloribus cupiditate exercitationem ipsa et sit sunt. Veritatis quod odit ut aut dolorum consequatur est iusto.', 1, '2018-08-12 11:50:49', '2018-08-12 11:50:49');
INSERT INTO eapi.reviews (id, product_id, customer, review, star, created_at, updated_at) VALUES (9, 17, 'Audra Wiza', 'Nostrum est culpa mollitia totam. Doloremque facilis dolorum laborum voluptatem quis unde. Dignissimos assumenda aut et ut quis est. Ex eius laudantium qui exercitationem aut nihil.', 4, '2018-08-12 11:50:49', '2018-08-12 11:50:49');
INSERT INTO eapi.reviews (id, product_id, customer, review, star, created_at, updated_at) VALUES (10, 44, 'Sheridan Goodwin', 'Nostrum sed maiores dolor. Consequatur totam aliquid quae nostrum eius libero rerum. Voluptatem ut accusantium distinctio facere ut. Et recusandae dolor non recusandae. Aliquid quaerat nisi vel at consequatur et.', 1, '2018-08-12 11:50:49', '2018-08-12 11:50:49');
INSERT INTO eapi.reviews (id, product_id, customer, review, star, created_at, updated_at) VALUES (11, 47, 'Prof. Stephania Becker', 'Eaque ut dolor omnis cumque dicta laudantium. Et pariatur illum maxime laborum. Aspernatur quasi adipisci libero id tempore debitis. Adipisci et alias blanditiis sint. Culpa deleniti quia impedit laborum.', 3, '2018-08-12 11:50:49', '2018-08-12 11:50:49');
INSERT INTO eapi.reviews (id, product_id, customer, review, star, created_at, updated_at) VALUES (12, 2, 'Florian McLaughlin', 'Placeat repudiandae illo quis maxime blanditiis quis necessitatibus architecto. Quia rem harum est qui aliquid exercitationem. Accusantium sapiente beatae cum.', 0, '2018-08-12 11:50:49', '2018-08-12 11:50:49');
INSERT INTO eapi.reviews (id, product_id, customer, review, star, created_at, updated_at) VALUES (13, 12, 'Arvilla Douglas', 'Distinctio inventore expedita voluptatem in itaque autem repudiandae doloribus. Necessitatibus aspernatur a accusantium id vitae minima. Velit et architecto maxime voluptatem. Ipsum vero quo consequuntur est dicta est.', 3, '2018-08-12 11:50:49', '2018-08-12 11:50:49');
INSERT INTO eapi.reviews (id, product_id, customer, review, star, created_at, updated_at) VALUES (14, 45, 'Alexandrine Mann', 'Blanditiis labore modi inventore repellendus. Necessitatibus eum laboriosam alias molestias eum sint placeat. Consequatur aut consectetur quasi enim. Aut dolorum quia illo consequatur. Quod libero aspernatur molestiae ipsa.', 3, '2018-08-12 11:50:49', '2018-08-12 11:50:49');
INSERT INTO eapi.reviews (id, product_id, customer, review, star, created_at, updated_at) VALUES (15, 33, 'Nestor Pfannerstill', 'Quo beatae enim cumque aut voluptates. Vel esse voluptates et aut. Ab culpa magni doloribus deserunt optio voluptatibus. Maxime aut aut consequatur officiis facere.', 3, '2018-08-12 11:50:49', '2018-08-12 11:50:49');
INSERT INTO eapi.reviews (id, product_id, customer, review, star, created_at, updated_at) VALUES (16, 35, 'Dr. Reina Graham', 'Error recusandae aliquid expedita qui sed distinctio occaecati ullam. Ut architecto occaecati consequatur nesciunt facere et placeat. Quis aspernatur deleniti est magni est. Et adipisci ipsam porro qui.', 1, '2018-08-12 11:50:50', '2018-08-12 11:50:50');
INSERT INTO eapi.reviews (id, product_id, customer, review, star, created_at, updated_at) VALUES (17, 44, 'Adaline Breitenberg', 'Similique inventore facere non placeat. In ipsam optio dolore sunt autem. Cumque aliquam nostrum aliquid sed quae. Consequatur quis impedit aut in accusantium.', 4, '2018-08-12 11:50:50', '2018-08-12 11:50:50');
INSERT INTO eapi.reviews (id, product_id, customer, review, star, created_at, updated_at) VALUES (18, 1, 'Dr. Aliya Breitenberg', 'Velit eos repellendus rem labore libero placeat architecto. Consequatur quae maiores consequatur deserunt voluptatibus assumenda aliquam. Natus et in recusandae illo repudiandae. Totam voluptatum explicabo voluptatem.', 0, '2018-08-12 11:50:50', '2018-08-12 11:50:50');
INSERT INTO eapi.reviews (id, product_id, customer, review, star, created_at, updated_at) VALUES (19, 8, 'Roger Simonis', 'Perferendis iste est dolore nam quae. Illum at quia quos exercitationem commodi blanditiis id. Assumenda consequatur ipsa excepturi. Pariatur enim ut ut atque voluptatibus quo facilis. Facere commodi in unde et.', 0, '2018-08-12 11:50:50', '2018-08-12 11:50:50');
INSERT INTO eapi.reviews (id, product_id, customer, review, star, created_at, updated_at) VALUES (20, 5, 'Rowland Bartell', 'Veniam tempore aut nihil est optio. Et dolor ipsam rerum ea. Aperiam autem quo aliquid.', 5, '2018-08-12 11:50:50', '2018-08-12 11:50:50');
INSERT INTO eapi.reviews (id, product_id, customer, review, star, created_at, updated_at) VALUES (21, 29, 'Madge Predovic', 'Neque cum et aut ad et sit illum. Consequuntur ipsa et nisi accusamus in. Architecto eius blanditiis odio dignissimos.', 0, '2018-08-12 11:50:50', '2018-08-12 11:50:50');
INSERT INTO eapi.reviews (id, product_id, customer, review, star, created_at, updated_at) VALUES (22, 32, 'Dr. Elvera Hirthe IV', 'Voluptatibus ducimus illo fuga maxime. Quis ut quis iusto. Dolorem cumque earum cum et beatae ut. Deleniti in eum eum omnis culpa explicabo aperiam veritatis.', 5, '2018-08-12 11:50:50', '2018-08-12 11:50:50');
INSERT INTO eapi.reviews (id, product_id, customer, review, star, created_at, updated_at) VALUES (23, 14, 'Donna Hane DVM', 'Dolores ut et rem voluptate. Nisi consequatur ullam qui nostrum. Velit eum quam consectetur nostrum.', 0, '2018-08-12 11:50:50', '2018-08-12 11:50:50');
INSERT INTO eapi.reviews (id, product_id, customer, review, star, created_at, updated_at) VALUES (24, 13, 'Madisen Schamberger', 'Et dolorum eos excepturi eos sunt soluta. Omnis aut eum voluptas sint reiciendis ipsam eligendi.', 2, '2018-08-12 11:50:50', '2018-08-12 11:50:50');
INSERT INTO eapi.reviews (id, product_id, customer, review, star, created_at, updated_at) VALUES (25, 42, 'Miss Ethyl Mohr', 'Sunt numquam accusamus ut saepe ad quibusdam dolorum. Assumenda maxime in sit ratione in voluptatum. Perspiciatis placeat eum saepe vitae. Ipsa vel maiores provident reprehenderit accusantium error fugiat.', 4, '2018-08-12 11:50:50', '2018-08-12 11:50:50');
INSERT INTO eapi.reviews (id, product_id, customer, review, star, created_at, updated_at) VALUES (26, 15, 'Dr. Skylar Aufderhar MD', 'Dolorem quia rem incidunt ipsam aut dolorum quia. Sequi ut ipsa aut dolor nihil praesentium. Quidem ipsum sit aut itaque quia.', 3, '2018-08-12 11:50:50', '2018-08-12 11:50:50');
INSERT INTO eapi.reviews (id, product_id, customer, review, star, created_at, updated_at) VALUES (27, 38, 'Myriam Leannon', 'Corrupti officiis repudiandae officiis perferendis consequatur voluptates quia. Voluptatem quod libero molestiae quisquam corporis impedit. Eligendi minus nulla consequatur illum. Saepe est vel porro magni architecto nesciunt delectus.', 1, '2018-08-12 11:50:50', '2018-08-12 11:50:50');
INSERT INTO eapi.reviews (id, product_id, customer, review, star, created_at, updated_at) VALUES (28, 34, 'Audrey Orn', 'Aperiam nobis recusandae vitae tenetur. Magnam voluptatum minima architecto est. Cum qui omnis voluptas cupiditate a. Eos et tempore a quas aspernatur.', 5, '2018-08-12 11:50:50', '2018-08-12 11:50:50');
INSERT INTO eapi.reviews (id, product_id, customer, review, star, created_at, updated_at) VALUES (29, 15, 'Wilbert Haley', 'Culpa aspernatur deleniti quidem veritatis eligendi accusamus laboriosam. Exercitationem quis laboriosam reiciendis sed labore. Quam dolorem laborum dolores doloremque.', 0, '2018-08-12 11:50:50', '2018-08-12 11:50:50');
INSERT INTO eapi.reviews (id, product_id, customer, review, star, created_at, updated_at) VALUES (30, 32, 'Prof. Rosanna Hane V', 'Dignissimos ab illo consequatur rerum ut. Laborum amet minus veniam laborum quo minus ipsa.', 0, '2018-08-12 11:50:50', '2018-08-12 11:50:50');
INSERT INTO eapi.reviews (id, product_id, customer, review, star, created_at, updated_at) VALUES (31, 39, 'Jake Bahringer', 'Neque aperiam et tempore omnis error. Exercitationem odio totam in est reiciendis non. Consequatur perspiciatis quasi sed et in asperiores.', 2, '2018-08-12 11:50:50', '2018-08-12 11:50:50');
INSERT INTO eapi.reviews (id, product_id, customer, review, star, created_at, updated_at) VALUES (32, 43, 'Mr. Terrill Mraz V', 'Velit sequi id asperiores ad et ad ut. Aspernatur sit maiores voluptatum tenetur. Dolorem molestias natus sunt error. Eos dolores perspiciatis magni id.', 5, '2018-08-12 11:50:50', '2018-08-12 11:50:50');
INSERT INTO eapi.reviews (id, product_id, customer, review, star, created_at, updated_at) VALUES (33, 26, 'Prof. Lizzie Reinger Jr.', 'Dolorem dolores sint eligendi suscipit inventore reiciendis ex. Adipisci eos fugit reprehenderit veritatis quam enim aut laudantium. Officiis beatae corporis explicabo sunt voluptatem. Eos ullam et excepturi fugiat voluptatibus laboriosam et.', 1, '2018-08-12 11:50:50', '2018-08-12 11:50:50');
INSERT INTO eapi.reviews (id, product_id, customer, review, star, created_at, updated_at) VALUES (34, 37, 'Connor Kerluke', 'Excepturi nisi sed quos temporibus assumenda. Veniam itaque autem sint quaerat quae et nulla. Facere vero fuga nesciunt officia minima.', 0, '2018-08-12 11:50:50', '2018-08-12 11:50:50');
INSERT INTO eapi.reviews (id, product_id, customer, review, star, created_at, updated_at) VALUES (35, 30, 'Chadd Mueller', 'Doloribus velit consequuntur sequi. Dolorem et odio sunt quisquam officiis minus aut. Harum neque ut dolorum aut neque.', 1, '2018-08-12 11:50:50', '2018-08-12 11:50:50');
INSERT INTO eapi.reviews (id, product_id, customer, review, star, created_at, updated_at) VALUES (36, 10, 'Myrtle Paucek V', 'Accusantium quos magni fugit molestias repellendus. Sint error tenetur voluptates voluptates numquam qui. Nihil recusandae maiores id vel similique.', 3, '2018-08-12 11:50:50', '2018-08-12 11:50:50');
INSERT INTO eapi.reviews (id, product_id, customer, review, star, created_at, updated_at) VALUES (37, 44, 'Jazmin Metz', 'Quis deleniti est doloremque tempora. Culpa quo repellendus quisquam saepe amet. Molestiae maxime neque officiis optio sed illum ut. In perspiciatis dolor doloremque vero quo.', 1, '2018-08-12 11:50:50', '2018-08-12 11:50:50');
INSERT INTO eapi.reviews (id, product_id, customer, review, star, created_at, updated_at) VALUES (38, 26, 'Prof. Weldon Upton IV', 'Qui adipisci commodi nemo enim. Et minus est et quas adipisci occaecati. Aliquid rerum sed atque voluptas cupiditate. Minus consequatur amet laboriosam voluptatem repellat aut tenetur quod.', 4, '2018-08-12 11:50:50', '2018-08-12 11:50:50');
INSERT INTO eapi.reviews (id, product_id, customer, review, star, created_at, updated_at) VALUES (39, 10, 'Mrs. Candace Kris', 'Iusto nihil exercitationem laborum et hic velit modi. Provident quam enim facere iure et consectetur eaque maiores. Cumque nam et molestiae architecto explicabo magni.', 3, '2018-08-12 11:50:50', '2018-08-12 11:50:50');
INSERT INTO eapi.reviews (id, product_id, customer, review, star, created_at, updated_at) VALUES (40, 50, 'Mario Mraz IV', 'Nulla eveniet eveniet praesentium soluta. Qui consequuntur nihil similique cumque aut. Itaque mollitia optio eligendi sapiente ab debitis esse.', 4, '2018-08-12 11:50:50', '2018-08-12 11:50:50');
INSERT INTO eapi.reviews (id, product_id, customer, review, star, created_at, updated_at) VALUES (41, 28, 'Otto Mosciski', 'Officiis qui enim rem corrupti eius. Ipsam delectus quos voluptatem dolorum voluptatem consectetur nemo.', 4, '2018-08-12 11:50:50', '2018-08-12 11:50:50');
INSERT INTO eapi.reviews (id, product_id, customer, review, star, created_at, updated_at) VALUES (42, 32, 'Elton Tromp', 'Quae id et eos iste. Placeat in qui in maxime. Fugiat nobis sunt molestiae. Id quis optio minus qui placeat.', 1, '2018-08-12 11:50:50', '2018-08-12 11:50:50');
INSERT INTO eapi.reviews (id, product_id, customer, review, star, created_at, updated_at) VALUES (43, 30, 'Bernhard Flatley PhD', 'Fugit sint accusamus soluta sit doloribus incidunt reiciendis. Vitae minus architecto ipsam odit laudantium quia. Architecto aut perspiciatis nihil dolores. Ipsum totam aperiam omnis.', 3, '2018-08-12 11:50:50', '2018-08-12 11:50:50');
INSERT INTO eapi.reviews (id, product_id, customer, review, star, created_at, updated_at) VALUES (44, 16, 'Marilou Larkin MD', 'Fugiat et et voluptate eveniet quibusdam commodi velit. Qui dolorem unde unde quisquam est enim. A omnis neque debitis voluptatem. Minus est voluptatum nobis et et.', 2, '2018-08-12 11:50:51', '2018-08-12 11:50:51');
INSERT INTO eapi.reviews (id, product_id, customer, review, star, created_at, updated_at) VALUES (45, 48, 'Rudolph O''Reilly PhD', 'Unde non deleniti voluptatum voluptatibus molestias repellendus sit. Ea nesciunt quas vero sapiente rerum sit. Quibusdam aliquam tempore autem cumque nisi.', 3, '2018-08-12 11:50:51', '2018-08-12 11:50:51');
INSERT INTO eapi.reviews (id, product_id, customer, review, star, created_at, updated_at) VALUES (46, 8, 'Brandon Doyle', 'Assumenda itaque deserunt vel pariatur nihil est quis. Enim ea et sed fuga aut cupiditate qui et. Ut illum totam voluptas ut possimus.', 5, '2018-08-12 11:50:51', '2018-08-12 11:50:51');
INSERT INTO eapi.reviews (id, product_id, customer, review, star, created_at, updated_at) VALUES (47, 7, 'Miles Donnelly', 'Impedit odit ea quaerat dicta. Quia sed veritatis totam. Adipisci provident minima quidem vel velit ipsa aut. Et quia et iusto quia ut quidem occaecati.', 1, '2018-08-12 11:50:51', '2018-08-12 11:50:51');
INSERT INTO eapi.reviews (id, product_id, customer, review, star, created_at, updated_at) VALUES (48, 38, 'Aubree Howell', 'Error mollitia dolor aut deleniti molestias excepturi. Optio itaque consequatur quo voluptas corrupti error et voluptas. Quidem quia id rerum sit occaecati enim consequuntur voluptas.', 2, '2018-08-12 11:50:51', '2018-08-12 11:50:51');
INSERT INTO eapi.reviews (id, product_id, customer, review, star, created_at, updated_at) VALUES (49, 25, 'Leila Murray', 'Quaerat non aut sed dolor ab qui. Eum omnis debitis blanditiis. Voluptas eius quas enim doloribus odit.', 4, '2018-08-12 11:50:51', '2018-08-12 11:50:51');
INSERT INTO eapi.reviews (id, product_id, customer, review, star, created_at, updated_at) VALUES (50, 10, 'Genesis Hirthe', 'Consectetur eveniet incidunt aut labore ut doloremque aliquid. Soluta quasi unde quas et rerum eaque dolor. Necessitatibus eligendi expedita omnis quidem labore. Odio qui maxime cum qui qui dolores quis.', 2, '2018-08-12 11:50:51', '2018-08-12 11:50:51');
INSERT INTO eapi.reviews (id, product_id, customer, review, star, created_at, updated_at) VALUES (51, 19, 'Joaquin Gottlieb', 'Enim et deserunt molestiae perspiciatis. Voluptatem aliquam perspiciatis blanditiis laboriosam porro.', 2, '2018-08-12 11:50:51', '2018-08-12 11:50:51');
INSERT INTO eapi.reviews (id, product_id, customer, review, star, created_at, updated_at) VALUES (52, 48, 'Chaim Parisian', 'Ipsa reprehenderit asperiores rem asperiores et quia enim. Consectetur dolor odio praesentium sint molestias omnis distinctio corrupti. Laboriosam ut sapiente dolorum rerum quam consequatur excepturi.', 4, '2018-08-12 11:50:51', '2018-08-12 11:50:51');
INSERT INTO eapi.reviews (id, product_id, customer, review, star, created_at, updated_at) VALUES (53, 44, 'Alyce Christiansen', 'Rerum delectus illum sunt quod ullam magnam sed. Et qui officiis tempora eos. Illo quam officia facere autem quisquam architecto totam eum.', 2, '2018-08-12 11:50:51', '2018-08-12 11:50:51');
INSERT INTO eapi.reviews (id, product_id, customer, review, star, created_at, updated_at) VALUES (54, 35, 'Dr. Micah Ullrich II', 'Et amet dolorem et. Quaerat est corrupti adipisci ut omnis voluptatem et. Explicabo esse dolorem nobis rerum non mollitia.', 2, '2018-08-12 11:50:51', '2018-08-12 11:50:51');
INSERT INTO eapi.reviews (id, product_id, customer, review, star, created_at, updated_at) VALUES (55, 27, 'Darron Hamill', 'Dolorum beatae quaerat facere nostrum beatae architecto sunt voluptatum. Quis aut esse quia est omnis explicabo. Adipisci sunt et voluptatem ea. Voluptatum deserunt doloremque qui aperiam voluptatem molestiae doloremque.', 0, '2018-08-12 11:50:51', '2018-08-12 11:50:51');
INSERT INTO eapi.reviews (id, product_id, customer, review, star, created_at, updated_at) VALUES (56, 4, 'Miss Kariane O''Connell MD', 'Sed cumque autem placeat. Deleniti similique velit corporis iure distinctio in. Ex ab in voluptas alias cum rerum.', 0, '2018-08-12 11:50:51', '2018-08-12 11:50:51');
INSERT INTO eapi.reviews (id, product_id, customer, review, star, created_at, updated_at) VALUES (57, 47, 'Prof. Gino Bergnaum DVM', 'Dolorem velit dolores aut voluptas id odio doloremque. Nihil vel eveniet eos. Ut nobis dolores est quisquam. Dolor et aut impedit ipsum.', 5, '2018-08-12 11:50:51', '2018-08-12 11:50:51');
INSERT INTO eapi.reviews (id, product_id, customer, review, star, created_at, updated_at) VALUES (58, 21, 'Dr. Antonio Balistreri I', 'Quisquam quisquam non sint adipisci earum vitae. Non at dicta aut itaque optio aut eaque. Nihil iusto totam rem occaecati.', 3, '2018-08-12 11:50:51', '2018-08-12 11:50:51');
INSERT INTO eapi.reviews (id, product_id, customer, review, star, created_at, updated_at) VALUES (59, 48, 'Mallie Glover', 'Repudiandae ea eaque ea et sunt tenetur. Quisquam alias aut iste ut et odit eaque.', 1, '2018-08-12 11:50:51', '2018-08-12 11:50:51');
INSERT INTO eapi.reviews (id, product_id, customer, review, star, created_at, updated_at) VALUES (60, 47, 'Jean Cummerata', 'Cumque eius iusto dolore modi voluptate ut iste. Rerum perspiciatis est nihil accusantium quibusdam. Ipsa pariatur aut voluptas architecto facilis consectetur qui officiis. Aut dolorem aut molestias aliquam veniam placeat ad.', 0, '2018-08-12 11:50:51', '2018-08-12 11:50:51');
INSERT INTO eapi.reviews (id, product_id, customer, review, star, created_at, updated_at) VALUES (61, 48, 'Miss Amelia Hoeger PhD', 'Illum ut delectus vel. Tempore voluptate sit soluta dolore. Magnam omnis omnis eum explicabo voluptate. Ut aut laborum ea inventore qui sequi.', 0, '2018-08-12 11:50:51', '2018-08-12 11:50:51');
INSERT INTO eapi.reviews (id, product_id, customer, review, star, created_at, updated_at) VALUES (62, 36, 'Zackery Wintheiser', 'Provident id et culpa voluptatibus unde. Sint perferendis quasi consequatur consectetur. Necessitatibus quos laborum laudantium molestiae reiciendis rem nulla.', 0, '2018-08-12 11:50:51', '2018-08-12 11:50:51');
INSERT INTO eapi.reviews (id, product_id, customer, review, star, created_at, updated_at) VALUES (63, 30, 'Jamie Stamm', 'Aut non laboriosam omnis eligendi. Dolorem veniam blanditiis quibusdam cupiditate aut ab. Quos tenetur sunt dicta placeat eligendi est odit magnam.', 5, '2018-08-12 11:50:51', '2018-08-12 11:50:51');
INSERT INTO eapi.reviews (id, product_id, customer, review, star, created_at, updated_at) VALUES (64, 3, 'Ardith Fisher MD', 'Rerum ab et quia consequatur libero autem. Sed aut nulla sed. Exercitationem itaque et dolores.', 3, '2018-08-12 11:50:51', '2018-08-12 11:50:51');
INSERT INTO eapi.reviews (id, product_id, customer, review, star, created_at, updated_at) VALUES (65, 36, 'Mrs. Romaine Beahan II', 'Dignissimos enim modi nihil nihil. Quas dolores rerum quam ut nihil ullam iste.', 4, '2018-08-12 11:50:51', '2018-08-12 11:50:51');
INSERT INTO eapi.reviews (id, product_id, customer, review, star, created_at, updated_at) VALUES (66, 6, 'Mrs. Wilhelmine Durgan IV', 'In eum quibusdam necessitatibus vero repellat. Sint veniam et et quo voluptates quia. Ea dolor totam et aut sunt. Perferendis distinctio expedita voluptates aspernatur.', 3, '2018-08-12 11:50:51', '2018-08-12 11:50:51');
INSERT INTO eapi.reviews (id, product_id, customer, review, star, created_at, updated_at) VALUES (67, 22, 'Adolf Shanahan', 'Corrupti asperiores illo id ut. Facere dolor dolorum enim tenetur ratione nesciunt inventore ut. Numquam occaecati illum rem nobis harum aliquam quis harum.', 3, '2018-08-12 11:50:51', '2018-08-12 11:50:51');
INSERT INTO eapi.reviews (id, product_id, customer, review, star, created_at, updated_at) VALUES (68, 7, 'Prof. Jaime Price DVM', 'Consequuntur dolor quos consequatur est. Natus sequi repellat molestias laudantium quis eum. Est sint saepe molestiae officia qui provident. Minus ea incidunt tempore sed dolores.', 1, '2018-08-12 11:50:51', '2018-08-12 11:50:51');
INSERT INTO eapi.reviews (id, product_id, customer, review, star, created_at, updated_at) VALUES (69, 25, 'Mrs. Kristin Borer IV', 'Molestiae consequatur illo quia hic et culpa sit. Voluptas unde quis temporibus. Qui tempora ipsa voluptates amet. Quia occaecati voluptas nulla molestiae quia.', 2, '2018-08-12 11:50:51', '2018-08-12 11:50:51');
INSERT INTO eapi.reviews (id, product_id, customer, review, star, created_at, updated_at) VALUES (70, 30, 'Adell Roob', 'Sunt voluptas quia error nemo neque. Repellendus perferendis error enim molestiae sit. Tenetur provident omnis perferendis sunt corrupti doloribus. Dolorem ea laboriosam sint eos alias in.', 4, '2018-08-12 11:50:51', '2018-08-12 11:50:51');
INSERT INTO eapi.reviews (id, product_id, customer, review, star, created_at, updated_at) VALUES (71, 2, 'Giuseppe Runolfsdottir', 'Eaque reprehenderit ut minima. Reprehenderit incidunt quas ipsum ipsum eum. Temporibus nemo quia qui ex.', 1, '2018-08-12 11:50:51', '2018-08-12 11:50:51');
INSERT INTO eapi.reviews (id, product_id, customer, review, star, created_at, updated_at) VALUES (72, 44, 'Meaghan Reilly', 'Corrupti odio consequuntur et dolore et sed. Voluptatem nemo est quis voluptates aperiam ad. Consectetur provident mollitia et quo. Exercitationem voluptatem et quibusdam quod.', 5, '2018-08-12 11:50:51', '2018-08-12 11:50:51');
INSERT INTO eapi.reviews (id, product_id, customer, review, star, created_at, updated_at) VALUES (73, 21, 'Sadie Graham', 'Voluptatem accusantium voluptates vel quaerat. Ut deserunt voluptatum qui facere pariatur laborum accusamus. Sunt dicta soluta porro et nihil non. At officia sunt a necessitatibus est voluptatem.', 5, '2018-08-12 11:50:52', '2018-08-12 11:50:52');
INSERT INTO eapi.reviews (id, product_id, customer, review, star, created_at, updated_at) VALUES (74, 7, 'Murphy Breitenberg', 'Non enim a dignissimos in totam id. Est quo et recusandae in exercitationem doloribus assumenda. Quidem itaque molestiae et consequatur magnam labore aut. Beatae quos molestias ut nesciunt et tenetur hic odit.', 2, '2018-08-12 11:50:52', '2018-08-12 11:50:52');
INSERT INTO eapi.reviews (id, product_id, customer, review, star, created_at, updated_at) VALUES (75, 47, 'Lyda Marvin', 'Deleniti doloremque nostrum tempore voluptatum. Placeat sit voluptas ullam in adipisci quo eum rem. Minus officia deserunt omnis quo. Recusandae architecto voluptatibus modi totam ea repudiandae ratione.', 5, '2018-08-12 11:50:52', '2018-08-12 11:50:52');
INSERT INTO eapi.reviews (id, product_id, customer, review, star, created_at, updated_at) VALUES (76, 34, 'Rubie Kovacek', 'Voluptates perspiciatis accusamus quibusdam ipsam non hic ut. Odit praesentium quam qui aperiam eos est.', 1, '2018-08-12 11:50:52', '2018-08-12 11:50:52');
INSERT INTO eapi.reviews (id, product_id, customer, review, star, created_at, updated_at) VALUES (77, 14, 'Fermin Lind II', 'Praesentium voluptate iste suscipit sed. Quia est repudiandae accusamus temporibus. Id voluptatem dolores vero est amet autem. Ut esse aut modi qui aut voluptatem id.', 2, '2018-08-12 11:50:52', '2018-08-12 11:50:52');
INSERT INTO eapi.reviews (id, product_id, customer, review, star, created_at, updated_at) VALUES (78, 48, 'Prof. Shana Morar', 'Rem hic voluptatum recusandae omnis rerum qui placeat. Ut consectetur dolor possimus qui aut rerum odit. Nemo porro veniam inventore inventore eligendi dicta.', 2, '2018-08-12 11:50:52', '2018-08-12 11:50:52');
INSERT INTO eapi.reviews (id, product_id, customer, review, star, created_at, updated_at) VALUES (79, 9, 'Dr. Rigoberto Heidenreich III', 'Ullam at mollitia magni atque. Sint quae quam ratione in nam. Aperiam quas inventore ducimus suscipit nobis. At voluptatem fugit qui mollitia blanditiis illo. Non veritatis commodi sit.', 2, '2018-08-12 11:50:52', '2018-08-12 11:50:52');
INSERT INTO eapi.reviews (id, product_id, customer, review, star, created_at, updated_at) VALUES (80, 11, 'Ms. Elda Grant', 'Perferendis velit aut sed error voluptatem. Adipisci provident est quia natus quae corporis deleniti. Ullam a sequi et perspiciatis. Id vero exercitationem at quisquam.', 5, '2018-08-12 11:50:52', '2018-08-12 11:50:52');
INSERT INTO eapi.reviews (id, product_id, customer, review, star, created_at, updated_at) VALUES (81, 35, 'Ivory Labadie', 'Alias animi voluptatibus excepturi officia. Saepe aliquid illo dolor et qui. Ea et sed qui quia error temporibus. Qui qui aut aut placeat laborum delectus hic.', 2, '2018-08-12 11:50:52', '2018-08-12 11:50:52');
INSERT INTO eapi.reviews (id, product_id, customer, review, star, created_at, updated_at) VALUES (82, 2, 'Prof. Kathlyn Treutel', 'Nihil minus quia recusandae. Veritatis quis iusto officiis eaque ut expedita. Dolorum dolore consequuntur unde saepe placeat sapiente.', 1, '2018-08-12 11:50:52', '2018-08-12 11:50:52');
INSERT INTO eapi.reviews (id, product_id, customer, review, star, created_at, updated_at) VALUES (83, 1, 'Hilma Welch', 'Ducimus voluptatem ea corrupti iste. Animi quam vel eaque sapiente sit. Ducimus odio adipisci iste et. Autem consequatur animi provident quo.', 2, '2018-08-12 11:50:52', '2018-08-12 11:50:52');
INSERT INTO eapi.reviews (id, product_id, customer, review, star, created_at, updated_at) VALUES (84, 40, 'Emanuel Howe', 'Hic repellat quo tempora sunt. Error neque laboriosam asperiores ea. Ipsam sint mollitia autem dolores numquam.', 3, '2018-08-12 11:50:52', '2018-08-12 11:50:52');
INSERT INTO eapi.reviews (id, product_id, customer, review, star, created_at, updated_at) VALUES (85, 43, 'Kristy Cummerata', 'Qui et aliquam aut adipisci non eos et. Voluptatem maxime delectus est rerum reiciendis. Aut excepturi cumque praesentium eos. In blanditiis quam sint itaque aut.', 1, '2018-08-12 11:50:52', '2018-08-12 11:50:52');
INSERT INTO eapi.reviews (id, product_id, customer, review, star, created_at, updated_at) VALUES (86, 39, 'Wyatt Littel', 'Mollitia aut nam accusamus ut non ex exercitationem. Voluptas debitis maxime accusamus amet deserunt hic repellat. Velit voluptatem voluptas deserunt incidunt quisquam. Quam autem dolores distinctio culpa quos voluptatem.', 4, '2018-08-12 11:50:52', '2018-08-12 11:50:52');
INSERT INTO eapi.reviews (id, product_id, customer, review, star, created_at, updated_at) VALUES (87, 5, 'Nat Beahan', 'Perspiciatis optio magni nam cumque esse dicta quasi. Non sapiente debitis enim quae. Aliquid dolores expedita ut iste inventore est assumenda.', 0, '2018-08-12 11:50:52', '2018-08-12 11:50:52');
INSERT INTO eapi.reviews (id, product_id, customer, review, star, created_at, updated_at) VALUES (88, 36, 'Prof. Maryam Rippin I', 'Asperiores temporibus repellat aut qui at consequatur. Ut numquam nulla sint totam quo. Quia ducimus eaque qui eum.', 0, '2018-08-12 11:50:52', '2018-08-12 11:50:52');
INSERT INTO eapi.reviews (id, product_id, customer, review, star, created_at, updated_at) VALUES (89, 47, 'Anais Conroy', 'Quo sapiente aliquam laborum magni tempora nobis. Numquam ea enim deserunt commodi. Minus illo recusandae aperiam et fuga quia voluptas. Dolorum modi provident dolores ut a maxime necessitatibus.', 0, '2018-08-12 11:50:52', '2018-08-12 11:50:52');
INSERT INTO eapi.reviews (id, product_id, customer, review, star, created_at, updated_at) VALUES (90, 28, 'Easton Quigley', 'Ut odit exercitationem animi in. Quia repellendus temporibus cupiditate. Dolor deserunt atque error voluptas.', 2, '2018-08-12 11:50:52', '2018-08-12 11:50:52');
INSERT INTO eapi.reviews (id, product_id, customer, review, star, created_at, updated_at) VALUES (91, 22, 'Serenity Durgan', 'Cumque aliquid ut rerum ducimus. Expedita rerum et est quia perferendis autem. Eaque debitis beatae odio. Ut doloremque ea voluptas non eos fugit et. Ut repudiandae occaecati dolorum excepturi totam.', 0, '2018-08-12 11:50:52', '2018-08-12 11:50:52');
INSERT INTO eapi.reviews (id, product_id, customer, review, star, created_at, updated_at) VALUES (92, 49, 'Gregg Rolfson', 'Reprehenderit odit voluptatum deleniti dolorum temporibus dolor expedita. Illo id excepturi odit sit quos sed. Sunt aperiam pariatur quidem natus molestiae.', 2, '2018-08-12 11:50:52', '2018-08-12 11:50:52');
INSERT INTO eapi.reviews (id, product_id, customer, review, star, created_at, updated_at) VALUES (93, 20, 'Mrs. Zoie Watsica', 'Tempore molestiae blanditiis qui iusto. Tempore reprehenderit libero rem voluptatem aut. Error temporibus repudiandae incidunt officiis rerum.', 0, '2018-08-12 11:50:52', '2018-08-12 11:50:52');
INSERT INTO eapi.reviews (id, product_id, customer, review, star, created_at, updated_at) VALUES (94, 1, 'Amos Herman', 'Et dolores sunt nesciunt laudantium id quidem. Tenetur odit voluptatem animi minus. Mollitia qui occaecati nam non. Qui praesentium et ducimus nisi. Repellendus quo vel consequuntur.', 1, '2018-08-12 11:50:52', '2018-08-12 11:50:52');
INSERT INTO eapi.reviews (id, product_id, customer, review, star, created_at, updated_at) VALUES (95, 23, 'Prof. Richmond Turner', 'Error et numquam ut sapiente ut accusantium et. Consectetur qui magni cupiditate. Quo quasi doloremque aliquid ut temporibus. Minus eligendi aliquid corrupti facilis aliquid id.', 0, '2018-08-12 11:50:52', '2018-08-12 11:50:52');
INSERT INTO eapi.reviews (id, product_id, customer, review, star, created_at, updated_at) VALUES (96, 32, 'Ruby Aufderhar IV', 'Voluptate similique id veritatis a. Qui voluptas id aliquam incidunt. Quo quo est vel ipsum.', 4, '2018-08-12 11:50:52', '2018-08-12 11:50:52');
INSERT INTO eapi.reviews (id, product_id, customer, review, star, created_at, updated_at) VALUES (97, 9, 'Danny Auer', 'Qui eveniet magnam tenetur porro sunt adipisci. Nobis velit molestiae magni vero aut. Aut ex id itaque unde sed eos. A reprehenderit voluptatem consequatur.', 3, '2018-08-12 11:50:53', '2018-08-12 11:50:53');
INSERT INTO eapi.reviews (id, product_id, customer, review, star, created_at, updated_at) VALUES (98, 43, 'Maiya Nolan', 'Qui fugit quod architecto hic. Provident eaque animi voluptas sapiente aliquid ea ut dicta. Dignissimos nisi quia sint ipsum quidem iusto.', 1, '2018-08-12 11:50:53', '2018-08-12 11:50:53');
INSERT INTO eapi.reviews (id, product_id, customer, review, star, created_at, updated_at) VALUES (99, 6, 'Thelma Witting I', 'Hic ut autem in eum ratione et laboriosam. Beatae non non omnis exercitationem provident.', 4, '2018-08-12 11:50:53', '2018-08-12 11:50:53');
INSERT INTO eapi.reviews (id, product_id, customer, review, star, created_at, updated_at) VALUES (100, 39, 'Gordon Jerde', 'Dolores doloremque mollitia labore ut. Doloremque optio et est et aut illo quod. Enim officiis est at dolorem ratione. Consequatur tempore vel dolores nobis.', 0, '2018-08-12 11:50:53', '2018-08-12 11:50:53');
INSERT INTO eapi.reviews (id, product_id, customer, review, star, created_at, updated_at) VALUES (101, 21, 'Dahlia Johnson', 'Molestiae aut temporibus cupiditate laudantium et distinctio. Commodi et sequi minima ut ea. Et possimus rem ut iste aperiam deserunt distinctio. Sit perferendis quia qui est iure atque itaque itaque.', 4, '2018-08-12 11:50:53', '2018-08-12 11:50:53');
INSERT INTO eapi.reviews (id, product_id, customer, review, star, created_at, updated_at) VALUES (102, 7, 'Kraig Harris', 'Non aliquid tenetur mollitia voluptas rerum iusto corrupti. Blanditiis in amet eveniet assumenda. Asperiores dolores sunt molestiae at voluptatem inventore delectus iure. Architecto voluptate ut consequuntur rerum voluptas sit.', 1, '2018-08-12 11:50:53', '2018-08-12 11:50:53');
INSERT INTO eapi.reviews (id, product_id, customer, review, star, created_at, updated_at) VALUES (103, 1, 'Mr. Jaeden Crist', 'In voluptatem praesentium voluptates quibusdam corporis. Aut eum corporis cum qui veniam. Deleniti illo excepturi aut id earum iure cumque.', 2, '2018-08-12 11:50:53', '2018-08-12 11:50:53');
INSERT INTO eapi.reviews (id, product_id, customer, review, star, created_at, updated_at) VALUES (104, 13, 'Salma Harris', 'Alias dolores quis occaecati blanditiis et. Earum id suscipit incidunt aut sequi. Sed cupiditate a veritatis tenetur ipsam non. Provident amet officia dolorum cum.', 4, '2018-08-12 11:50:53', '2018-08-12 11:50:53');
INSERT INTO eapi.reviews (id, product_id, customer, review, star, created_at, updated_at) VALUES (105, 12, 'Teagan Macejkovic', 'Exercitationem qui iusto molestiae neque tempora odio. Voluptates est et optio tempora deserunt et. Eum reiciendis consequuntur ea quia.', 0, '2018-08-12 11:50:53', '2018-08-12 11:50:53');
INSERT INTO eapi.reviews (id, product_id, customer, review, star, created_at, updated_at) VALUES (106, 34, 'Prof. Chelsie Rodriguez I', 'Alias quia aut voluptas id esse esse. Vitae cumque sapiente sit. Similique quaerat facere amet tempora qui.', 0, '2018-08-12 11:50:53', '2018-08-12 11:50:53');
INSERT INTO eapi.reviews (id, product_id, customer, review, star, created_at, updated_at) VALUES (107, 49, 'Prof. Emery Jakubowski Sr.', 'Asperiores commodi quidem cupiditate quibusdam. Dolor tempora pariatur voluptatem quis. Et in soluta amet consequuntur exercitationem quisquam magni. Qui odit explicabo similique non.', 3, '2018-08-12 11:50:53', '2018-08-12 11:50:53');
INSERT INTO eapi.reviews (id, product_id, customer, review, star, created_at, updated_at) VALUES (108, 10, 'Virgil Wuckert I', 'Cum ut numquam at quo. Perspiciatis quibusdam qui est est. Delectus est quo minus non fuga.', 2, '2018-08-12 11:50:53', '2018-08-12 11:50:53');
INSERT INTO eapi.reviews (id, product_id, customer, review, star, created_at, updated_at) VALUES (109, 19, 'Coty Robel Sr.', 'Nisi omnis possimus voluptates magnam aliquam aperiam placeat. Mollitia nam qui aliquid rem.', 0, '2018-08-12 11:50:53', '2018-08-12 11:50:53');
INSERT INTO eapi.reviews (id, product_id, customer, review, star, created_at, updated_at) VALUES (110, 6, 'Alycia Wiza', 'Quam nostrum minima illo est quia omnis molestiae. Neque porro saepe voluptatum aperiam quia et eos. Et deleniti accusamus recusandae sapiente ut asperiores autem.', 1, '2018-08-12 11:50:53', '2018-08-12 11:50:53');
INSERT INTO eapi.reviews (id, product_id, customer, review, star, created_at, updated_at) VALUES (111, 45, 'Tobin Gleason', 'Corrupti omnis voluptatem sunt quis tempore. Voluptatem doloribus sed est optio qui voluptate odit. Et et voluptatem eum ut expedita qui aut.', 0, '2018-08-12 11:50:53', '2018-08-12 11:50:53');
INSERT INTO eapi.reviews (id, product_id, customer, review, star, created_at, updated_at) VALUES (112, 46, 'Mrs. Kattie O''Hara', 'Aut accusantium numquam maiores est qui. Quidem dicta quisquam ipsa. Harum dolores voluptatum adipisci et.', 5, '2018-08-12 11:50:53', '2018-08-12 11:50:53');
INSERT INTO eapi.reviews (id, product_id, customer, review, star, created_at, updated_at) VALUES (113, 39, 'Loren Lemke', 'Vitae qui quae et autem aut. Veniam et eum repellat et quo voluptas vero. Officiis quia libero quia iure quia qui. Impedit impedit modi omnis ullam.', 0, '2018-08-12 11:50:53', '2018-08-12 11:50:53');
INSERT INTO eapi.reviews (id, product_id, customer, review, star, created_at, updated_at) VALUES (114, 14, 'Laurel Ratke', 'In et et natus cum at illo fugit aut. Laborum et quos qui blanditiis consequatur voluptas. Molestias possimus pariatur suscipit debitis. Ut libero sunt enim molestiae aperiam nostrum eveniet rerum.', 2, '2018-08-12 11:50:53', '2018-08-12 11:50:53');
INSERT INTO eapi.reviews (id, product_id, customer, review, star, created_at, updated_at) VALUES (115, 7, 'Amely Pfannerstill I', 'Architecto sint molestiae quia corporis aut ut. Dolor est voluptatem ut. Provident corrupti quasi error error facilis porro. Et quia iure maiores autem minus ducimus autem.', 1, '2018-08-12 11:50:53', '2018-08-12 11:50:53');
INSERT INTO eapi.reviews (id, product_id, customer, review, star, created_at, updated_at) VALUES (116, 3, 'Prof. Gage Ankunding', 'Repellendus voluptatum tempora fugiat aut tempore aut. Officiis voluptas accusantium possimus aut voluptate cum perspiciatis. Eius mollitia ad in a veniam molestias.', 0, '2018-08-12 11:50:53', '2018-08-12 11:50:53');
INSERT INTO eapi.reviews (id, product_id, customer, review, star, created_at, updated_at) VALUES (117, 46, 'Dillon Shields', 'Aut et enim aut tempora quas. Architecto ut corrupti quasi ut. Sit occaecati aspernatur quia sed tenetur nisi. Corporis qui blanditiis repudiandae recusandae saepe.', 2, '2018-08-12 11:50:53', '2018-08-12 11:50:53');
INSERT INTO eapi.reviews (id, product_id, customer, review, star, created_at, updated_at) VALUES (118, 19, 'Prof. Jaylan Pfeffer I', 'Commodi quia cumque architecto laboriosam quia laboriosam nostrum. Animi sit ex occaecati ut debitis quam. Exercitationem corporis repellat perspiciatis ea ratione ad perspiciatis labore.', 2, '2018-08-12 11:50:53', '2018-08-12 11:50:53');
INSERT INTO eapi.reviews (id, product_id, customer, review, star, created_at, updated_at) VALUES (119, 5, 'Mrs. Kali Lueilwitz', 'Repellat et ratione expedita voluptates natus harum minima voluptas. Et quia hic expedita dolore qui. Sed voluptas non sit.', 1, '2018-08-12 11:50:53', '2018-08-12 11:50:53');
INSERT INTO eapi.reviews (id, product_id, customer, review, star, created_at, updated_at) VALUES (120, 40, 'Ceasar Corkery III', 'Sit recusandae vero consequatur sed. Laboriosam eaque et sit maxime ad. Omnis suscipit veniam sit odit aut omnis est. Non et qui ab voluptas laudantium sunt sit dolores.', 4, '2018-08-12 11:50:53', '2018-08-12 11:50:53');
INSERT INTO eapi.reviews (id, product_id, customer, review, star, created_at, updated_at) VALUES (121, 36, 'Aisha Kuvalis', 'Voluptates nostrum sint voluptatem at nisi in fugit. Aliquid modi ea est eligendi. A quia veniam labore earum minus labore.', 1, '2018-08-12 11:50:53', '2018-08-12 11:50:53');
INSERT INTO eapi.reviews (id, product_id, customer, review, star, created_at, updated_at) VALUES (122, 2, 'Ayden Deckow', 'Voluptas ullam beatae quas sequi minima esse. Iure porro consectetur dolor voluptatem. Numquam laboriosam mollitia dolorum dicta. Quibusdam nisi tempore nulla ut voluptatem molestiae.', 4, '2018-08-12 11:50:53', '2018-08-12 11:50:53');
INSERT INTO eapi.reviews (id, product_id, customer, review, star, created_at, updated_at) VALUES (123, 41, 'Nat McKenzie V', 'Voluptas consequatur repellat ut error aut laboriosam. Porro laboriosam aut accusamus ipsa esse ipsum hic. Est quos autem aliquam sunt. Dolores sit in dolorum. Et esse praesentium aliquam perspiciatis.', 2, '2018-08-12 11:50:53', '2018-08-12 11:50:53');
INSERT INTO eapi.reviews (id, product_id, customer, review, star, created_at, updated_at) VALUES (124, 49, 'Bertrand Boyer', 'Omnis voluptates nesciunt vero non. Ut blanditiis quo nulla odit ut.', 0, '2018-08-12 11:50:53', '2018-08-12 11:50:53');
INSERT INTO eapi.reviews (id, product_id, customer, review, star, created_at, updated_at) VALUES (125, 6, 'Anahi Hammes', 'Nisi officia et corrupti vel consequatur facere. Rem atque voluptas qui illo veritatis quasi.', 4, '2018-08-12 11:50:53', '2018-08-12 11:50:53');
INSERT INTO eapi.reviews (id, product_id, customer, review, star, created_at, updated_at) VALUES (126, 29, 'Angelica Schinner', 'Debitis repellat aspernatur eius et eos tempora. Totam excepturi ducimus perspiciatis. Sequi dignissimos facere aut provident iusto quis pariatur non.', 2, '2018-08-12 11:50:54', '2018-08-12 11:50:54');
INSERT INTO eapi.reviews (id, product_id, customer, review, star, created_at, updated_at) VALUES (127, 11, 'Anibal Nienow', 'Voluptas et praesentium quibusdam doloremque est debitis. Saepe voluptatem corrupti tempore accusamus nulla voluptas. Voluptas aut numquam molestiae ea quis. Dicta exercitationem magnam inventore vero et quaerat.', 5, '2018-08-12 11:50:54', '2018-08-12 11:50:54');
INSERT INTO eapi.reviews (id, product_id, customer, review, star, created_at, updated_at) VALUES (128, 1, 'Magdalen Hudson', 'Nihil illum voluptatem doloremque dolorum occaecati assumenda non. Illum expedita vero unde est autem. Sapiente incidunt omnis libero ut quia dolorem dolorum itaque.', 3, '2018-08-12 11:50:54', '2018-08-12 11:50:54');
INSERT INTO eapi.reviews (id, product_id, customer, review, star, created_at, updated_at) VALUES (129, 37, 'Bennett Cummings', 'Ut sed rerum in aut iure et maxime minima. Qui qui doloribus quis repudiandae optio quae. Quia optio quis voluptatem sed ad eius iste. Quia placeat occaecati enim eum ipsam qui tempore.', 3, '2018-08-12 11:50:54', '2018-08-12 11:50:54');
INSERT INTO eapi.reviews (id, product_id, customer, review, star, created_at, updated_at) VALUES (130, 31, 'Kamille Olson', 'Amet dolorem fugiat necessitatibus beatae molestias voluptas. Alias qui earum vero illo non dicta dolorem.', 4, '2018-08-12 11:50:54', '2018-08-12 11:50:54');
INSERT INTO eapi.reviews (id, product_id, customer, review, star, created_at, updated_at) VALUES (131, 36, 'Riley Russel', 'Omnis voluptas ut quis animi mollitia sit sapiente est. Porro et quos sint velit harum eum. Dolorem qui amet cupiditate omnis voluptates.', 2, '2018-08-12 11:50:54', '2018-08-12 11:50:54');
INSERT INTO eapi.reviews (id, product_id, customer, review, star, created_at, updated_at) VALUES (132, 50, 'Vanessa Nader V', 'Vel est ea et quos ut qui. Odit voluptates nemo quas qui dolores. Dolorem et officiis eos. Sit veniam nobis harum aut.', 4, '2018-08-12 11:50:54', '2018-08-12 11:50:54');
INSERT INTO eapi.reviews (id, product_id, customer, review, star, created_at, updated_at) VALUES (133, 46, 'Priscilla Walker PhD', 'Adipisci eveniet officia omnis dolores optio. Molestiae quam sed ratione. Minus consequuntur iusto vero inventore sint. Similique doloremque facilis accusantium occaecati.', 3, '2018-08-12 11:50:54', '2018-08-12 11:50:54');
INSERT INTO eapi.reviews (id, product_id, customer, review, star, created_at, updated_at) VALUES (134, 5, 'Herminio Gerlach', 'Ea maiores libero aspernatur. Ut dolore ut omnis est dolorem. Quo omnis voluptatem ullam et ut vero ab.', 3, '2018-08-12 11:50:54', '2018-08-12 11:50:54');
INSERT INTO eapi.reviews (id, product_id, customer, review, star, created_at, updated_at) VALUES (135, 48, 'Helen Hauck', 'Vel rerum dolor ducimus occaecati minima. Sunt quis nihil animi est doloribus et dolor. Ipsa labore molestias omnis qui deleniti est. Doloremque velit consequuntur nulla sunt libero.', 0, '2018-08-12 11:50:54', '2018-08-12 11:50:54');
INSERT INTO eapi.reviews (id, product_id, customer, review, star, created_at, updated_at) VALUES (136, 41, 'Miss Lucile Schulist DDS', 'Et delectus ut ratione magnam et sunt. Qui ipsum facere quaerat eligendi ut non. Sapiente quas sunt eaque.', 3, '2018-08-12 11:50:54', '2018-08-12 11:50:54');
INSERT INTO eapi.reviews (id, product_id, customer, review, star, created_at, updated_at) VALUES (137, 6, 'Ed Sawayn Sr.', 'Et deleniti quam consectetur suscipit voluptas. Aut cum voluptate dolores excepturi. Vitae magnam nisi odio deleniti. Commodi ab dicta quia quis dolores asperiores ullam qui. Deleniti vero dicta dolorum sequi.', 2, '2018-08-12 11:50:54', '2018-08-12 11:50:54');
INSERT INTO eapi.reviews (id, product_id, customer, review, star, created_at, updated_at) VALUES (138, 19, 'Zola Towne', 'Qui repudiandae voluptas id. Voluptate quidem sit dicta pariatur omnis.', 1, '2018-08-12 11:50:54', '2018-08-12 11:50:54');
INSERT INTO eapi.reviews (id, product_id, customer, review, star, created_at, updated_at) VALUES (139, 44, 'Mrs. Lolita Pollich V', 'Doloribus fugiat consequatur aut illo. Aliquid rerum ratione deleniti in ea. Odio mollitia quae praesentium. Voluptatem accusantium cum aut dolor fugit et. Nulla reiciendis autem dolores placeat explicabo autem.', 5, '2018-08-12 11:50:54', '2018-08-12 11:50:54');
INSERT INTO eapi.reviews (id, product_id, customer, review, star, created_at, updated_at) VALUES (140, 16, 'Prof. Eldred Steuber PhD', 'Doloremque reiciendis quia cumque aut excepturi accusamus. Aperiam modi non vel commodi excepturi et. Quia sapiente mollitia sequi quaerat. Officiis alias molestias architecto veniam autem.', 2, '2018-08-12 11:50:54', '2018-08-12 11:50:54');
INSERT INTO eapi.reviews (id, product_id, customer, review, star, created_at, updated_at) VALUES (141, 1, 'Dr. Monty Fadel', 'Minima corporis sunt omnis. Cupiditate explicabo ut est debitis. Doloribus quae beatae dolores. Dolorem odit porro in libero.', 2, '2018-08-12 11:50:54', '2018-08-12 11:50:54');
INSERT INTO eapi.reviews (id, product_id, customer, review, star, created_at, updated_at) VALUES (142, 40, 'Marlene Stokes', 'Ut enim dolore animi doloribus harum fuga. Vel est et non sit debitis. In ducimus maxime id voluptate et harum adipisci. Nulla expedita nesciunt quaerat beatae.', 2, '2018-08-12 11:50:54', '2018-08-12 11:50:54');
INSERT INTO eapi.reviews (id, product_id, customer, review, star, created_at, updated_at) VALUES (143, 47, 'Thad Dietrich', 'Aut autem laudantium in nobis ut voluptatem a. Tempora quia explicabo libero sed dolorum neque. Necessitatibus cumque voluptatem saepe fuga aut asperiores.', 3, '2018-08-12 11:50:54', '2018-08-12 11:50:54');
INSERT INTO eapi.reviews (id, product_id, customer, review, star, created_at, updated_at) VALUES (144, 44, 'Prof. Lyla Kling Sr.', 'Praesentium sit rerum in illo. Aut qui beatae itaque. Possimus pariatur in recusandae nulla quas. Qui delectus non id cupiditate quisquam.', 3, '2018-08-12 11:50:54', '2018-08-12 11:50:54');
INSERT INTO eapi.reviews (id, product_id, customer, review, star, created_at, updated_at) VALUES (145, 41, 'Mikayla Roob IV', 'Expedita sunt quidem quia illum in eaque. Totam neque in qui qui nostrum. Et placeat facilis sed aspernatur.', 2, '2018-08-12 11:50:54', '2018-08-12 11:50:54');
INSERT INTO eapi.reviews (id, product_id, customer, review, star, created_at, updated_at) VALUES (146, 46, 'Reyna Mertz', 'Facere quo dolore sint cupiditate saepe. Soluta est reprehenderit recusandae. Porro repellendus nostrum tempore adipisci. Libero et tenetur possimus qui.', 1, '2018-08-12 11:50:54', '2018-08-12 11:50:54');
INSERT INTO eapi.reviews (id, product_id, customer, review, star, created_at, updated_at) VALUES (147, 15, 'Domingo Bins', 'Et nulla non velit qui debitis molestiae nisi. Rerum neque dolore qui cumque. Sequi iusto saepe iure voluptate. Dolorum ut assumenda repellendus sit officiis sint consequuntur.', 5, '2018-08-12 11:50:54', '2018-08-12 11:50:54');
INSERT INTO eapi.reviews (id, product_id, customer, review, star, created_at, updated_at) VALUES (148, 4, 'Richie Orn', 'At quia molestias tempora tempora consequatur nihil eius. Nostrum quidem porro dolor consequatur veniam officia. Odit quidem mollitia perferendis ut sed.', 3, '2018-08-12 11:50:54', '2018-08-12 11:50:54');
INSERT INTO eapi.reviews (id, product_id, customer, review, star, created_at, updated_at) VALUES (149, 20, 'Clemmie Mann', 'Asperiores modi tempore inventore incidunt sit officia. Dolorem tempora aperiam ab doloremque minima. Sed enim recusandae velit. Hic aliquam et aut iusto amet. Voluptatem quaerat dolor corrupti eveniet omnis quia.', 0, '2018-08-12 11:50:54', '2018-08-12 11:50:54');
INSERT INTO eapi.reviews (id, product_id, customer, review, star, created_at, updated_at) VALUES (150, 2, 'Giovanna Muller', 'Exercitationem ratione dolor doloremque consequatur. Totam incidunt commodi sed dolor error sed consequatur. Ipsam culpa expedita deserunt eligendi.', 1, '2018-08-12 11:50:54', '2018-08-12 11:50:54');
INSERT INTO eapi.reviews (id, product_id, customer, review, star, created_at, updated_at) VALUES (151, 3, 'Barbara Cole', 'Eos perferendis reiciendis consequatur aperiam suscipit. Ut voluptate non harum dolor. Molestiae qui dignissimos quidem.', 4, '2018-08-12 11:50:54', '2018-08-12 11:50:54');
INSERT INTO eapi.reviews (id, product_id, customer, review, star, created_at, updated_at) VALUES (152, 5, 'Miss Lurline Kerluke MD', 'Perspiciatis quibusdam est quia commodi voluptatem aut sit adipisci. Fugit possimus aut aliquid laudantium et unde voluptatem distinctio. Maiores et beatae recusandae nihil totam quia. Doloremque a consectetur autem.', 1, '2018-08-12 11:50:54', '2018-08-12 11:50:54');
INSERT INTO eapi.reviews (id, product_id, customer, review, star, created_at, updated_at) VALUES (153, 25, 'Micheal Crooks', 'Voluptas earum delectus enim illum omnis. Non a praesentium qui. Corporis architecto voluptas est suscipit facilis temporibus. Est velit pariatur non.', 3, '2018-08-12 11:50:54', '2018-08-12 11:50:54');
INSERT INTO eapi.reviews (id, product_id, customer, review, star, created_at, updated_at) VALUES (154, 2, 'Lula Kuvalis', 'Voluptatem velit iste error ab. Ut provident provident nulla molestias cupiditate dicta. Aspernatur voluptatibus quas qui soluta facere rem.', 2, '2018-08-12 11:50:55', '2018-08-12 11:50:55');
INSERT INTO eapi.reviews (id, product_id, customer, review, star, created_at, updated_at) VALUES (155, 16, 'Mrs. Anabel Hamill III', 'Beatae dolorem nam ut ex quod. Pariatur est ea minima excepturi in deserunt optio. Quas qui nisi ut impedit necessitatibus enim id. Est quo dicta est vel quo.', 4, '2018-08-12 11:50:55', '2018-08-12 11:50:55');
INSERT INTO eapi.reviews (id, product_id, customer, review, star, created_at, updated_at) VALUES (156, 27, 'Jovanny Dach', 'Et voluptatem natus quibusdam enim voluptas. Ut quidem assumenda minima. Veritatis nam nisi in suscipit sint quam illo veritatis. Voluptatibus est sequi et cumque.', 1, '2018-08-12 11:50:55', '2018-08-12 11:50:55');
INSERT INTO eapi.reviews (id, product_id, customer, review, star, created_at, updated_at) VALUES (157, 21, 'Mrs. Lexi Kshlerin DVM', 'Et quia eligendi sunt nihil. Consequatur molestiae modi cumque quaerat labore perspiciatis. Atque distinctio assumenda exercitationem recusandae libero et aut quidem. Laboriosam reiciendis illum praesentium occaecati ipsam veniam.', 1, '2018-08-12 11:50:55', '2018-08-12 11:50:55');
INSERT INTO eapi.reviews (id, product_id, customer, review, star, created_at, updated_at) VALUES (158, 40, 'Marshall Bode', 'Quo magnam laboriosam vel maiores. Tempora voluptatem ut dolores quis. Tempora unde temporibus necessitatibus quod cum occaecati aliquid.', 4, '2018-08-12 11:50:55', '2018-08-12 11:50:55');
INSERT INTO eapi.reviews (id, product_id, customer, review, star, created_at, updated_at) VALUES (159, 44, 'Otto Rau', 'Fugiat quo eos deleniti eum sapiente non. Id et nihil non deleniti dolore. Nostrum illo quod dolore porro et exercitationem maiores. Temporibus quasi et qui fugit eos neque sequi.', 2, '2018-08-12 11:50:55', '2018-08-12 11:50:55');
INSERT INTO eapi.reviews (id, product_id, customer, review, star, created_at, updated_at) VALUES (160, 10, 'Carson Schaefer', 'Quis amet ex non iste eveniet aut. Voluptatem harum veritatis facere quidem hic illum inventore. Consequatur et ratione autem amet tempore eos. Quidem quam perspiciatis et optio quia voluptate eos tempore.', 2, '2018-08-12 11:50:55', '2018-08-12 11:50:55');
INSERT INTO eapi.reviews (id, product_id, customer, review, star, created_at, updated_at) VALUES (161, 21, 'Prof. Darren Schroeder II', 'Eum blanditiis sed commodi officiis quia. Officia distinctio quasi sit nisi possimus possimus. Tenetur facere corrupti earum pariatur voluptatem ex quidem.', 4, '2018-08-12 11:50:55', '2018-08-12 11:50:55');
INSERT INTO eapi.reviews (id, product_id, customer, review, star, created_at, updated_at) VALUES (162, 49, 'Michel Toy', 'Et modi cum sit velit deleniti. Aut iste ut possimus eligendi doloremque totam voluptatem sunt. Sit vel et necessitatibus doloribus nulla. Amet quas reiciendis quasi quis molestiae beatae.', 0, '2018-08-12 11:50:55', '2018-08-12 11:50:55');
INSERT INTO eapi.reviews (id, product_id, customer, review, star, created_at, updated_at) VALUES (163, 45, 'Ignatius Greenfelder', 'Et omnis hic aut accusantium quis. Aspernatur suscipit tempore velit doloremque quo. Aut sit temporibus minus qui similique facere.', 4, '2018-08-12 11:50:55', '2018-08-12 11:50:55');
INSERT INTO eapi.reviews (id, product_id, customer, review, star, created_at, updated_at) VALUES (164, 50, 'Hollis Johns', 'Exercitationem veritatis nihil repellat corrupti. Enim quis nihil illo ipsam et tenetur quo. Beatae maiores hic ipsum. Praesentium minima quas voluptas praesentium itaque ab aut.', 1, '2018-08-12 11:50:55', '2018-08-12 11:50:55');
INSERT INTO eapi.reviews (id, product_id, customer, review, star, created_at, updated_at) VALUES (165, 46, 'Minnie Homenick', 'Blanditiis voluptatem reiciendis dicta et culpa molestias omnis. Odio veritatis quas dignissimos in omnis. Est vero non aut consequatur.', 3, '2018-08-12 11:50:55', '2018-08-12 11:50:55');
INSERT INTO eapi.reviews (id, product_id, customer, review, star, created_at, updated_at) VALUES (166, 14, 'Dillan Goyette', 'Modi est rerum rerum et. Consequatur est corrupti nesciunt eum.', 3, '2018-08-12 11:50:55', '2018-08-12 11:50:55');
INSERT INTO eapi.reviews (id, product_id, customer, review, star, created_at, updated_at) VALUES (167, 26, 'Mr. Stone Crona', 'Non ipsum dolores voluptates vitae rerum accusamus ut. Necessitatibus nobis maiores qui ad. Aliquam autem porro ab nam.', 1, '2018-08-12 11:50:55', '2018-08-12 11:50:55');
INSERT INTO eapi.reviews (id, product_id, customer, review, star, created_at, updated_at) VALUES (168, 29, 'Kory Lakin', 'Tempora nostrum perspiciatis ab. Sit in aut et dolorem expedita enim omnis. Quaerat asperiores hic id qui modi.', 4, '2018-08-12 11:50:55', '2018-08-12 11:50:55');
INSERT INTO eapi.reviews (id, product_id, customer, review, star, created_at, updated_at) VALUES (169, 41, 'Colt Kassulke', 'Cumque ut consequuntur deleniti modi cum quia. Perferendis labore sed et. Impedit ut dolorem saepe hic atque quis.', 4, '2018-08-12 11:50:55', '2018-08-12 11:50:55');
INSERT INTO eapi.reviews (id, product_id, customer, review, star, created_at, updated_at) VALUES (170, 3, 'Andreanne Armstrong', 'Qui aliquam quasi dolor eius animi voluptates. Expedita et fuga et est harum. Omnis voluptatum illum et tempore nesciunt quos voluptatem. Iste enim expedita eaque quam nulla dolorum reiciendis.', 2, '2018-08-12 11:50:55', '2018-08-12 11:50:55');
INSERT INTO eapi.reviews (id, product_id, customer, review, star, created_at, updated_at) VALUES (171, 48, 'Aditya Borer', 'Est quia necessitatibus dolores repellendus accusantium quos. Accusantium consequatur eos ut nostrum ipsum veritatis. Non aut ipsa ex ipsam.', 2, '2018-08-12 11:50:55', '2018-08-12 11:50:55');
INSERT INTO eapi.reviews (id, product_id, customer, review, star, created_at, updated_at) VALUES (172, 11, 'Fletcher Boyle V', 'Corrupti ullam asperiores repellendus quas perspiciatis atque. Placeat voluptas eum consequatur velit. Doloribus tenetur ut alias nulla optio corrupti fugiat et. Repellendus sunt earum iusto. Reiciendis magni nihil ut sint ab aspernatur.', 3, '2018-08-12 11:50:55', '2018-08-12 11:50:55');
INSERT INTO eapi.reviews (id, product_id, customer, review, star, created_at, updated_at) VALUES (173, 4, 'Adalberto Nitzsche', 'Et quo vero eos fugit. Qui omnis facilis ipsum qui. Dolores totam quisquam laudantium velit repellat porro et aut. Asperiores optio quis in iure inventore natus eos officia.', 3, '2018-08-12 11:50:55', '2018-08-12 11:50:55');
INSERT INTO eapi.reviews (id, product_id, customer, review, star, created_at, updated_at) VALUES (174, 40, 'Mr. Roberto Kertzmann I', 'Repellendus facilis odit omnis qui exercitationem rerum. Provident ad doloribus nisi. Harum et nisi aut doloribus illum. Culpa vel atque doloremque animi ut. Et vel quia et ut modi.', 1, '2018-08-12 11:50:55', '2018-08-12 11:50:55');
INSERT INTO eapi.reviews (id, product_id, customer, review, star, created_at, updated_at) VALUES (175, 4, 'Dillon Ankunding', 'Laboriosam impedit enim praesentium. Doloremque sed numquam mollitia aut voluptatem molestiae excepturi magnam. Exercitationem asperiores quasi minima corporis. Sit ab ratione quam odio quibusdam.', 3, '2018-08-12 11:50:55', '2018-08-12 11:50:55');
INSERT INTO eapi.reviews (id, product_id, customer, review, star, created_at, updated_at) VALUES (176, 29, 'Laney Waelchi', 'Quia quo odit inventore iusto laudantium. Eius ullam omnis porro enim veritatis architecto. Doloribus aliquam ea occaecati eaque.', 3, '2018-08-12 11:50:55', '2018-08-12 11:50:55');
INSERT INTO eapi.reviews (id, product_id, customer, review, star, created_at, updated_at) VALUES (177, 25, 'Stuart Witting', 'Numquam et nihil necessitatibus quis. Quis inventore necessitatibus laborum ut quis ut labore nulla. Aperiam sed ut id dolorem error et odit. Culpa omnis corrupti a maxime accusamus et est natus.', 4, '2018-08-12 11:50:55', '2018-08-12 11:50:55');
INSERT INTO eapi.reviews (id, product_id, customer, review, star, created_at, updated_at) VALUES (178, 40, 'Idell Shields', 'Doloremque itaque non quaerat animi odio debitis cupiditate. Et sed tempore reiciendis ab. Eaque esse dolore consequatur enim itaque porro provident.', 5, '2018-08-12 11:50:55', '2018-08-12 11:50:55');
INSERT INTO eapi.reviews (id, product_id, customer, review, star, created_at, updated_at) VALUES (179, 24, 'Lavina Davis', 'Dignissimos quisquam magnam sapiente ipsa. Vel ad aut tenetur. Quibusdam autem voluptatem numquam provident cum sunt.', 2, '2018-08-12 11:50:55', '2018-08-12 11:50:55');
INSERT INTO eapi.reviews (id, product_id, customer, review, star, created_at, updated_at) VALUES (180, 30, 'Tanya Krajcik', 'Natus rerum voluptas magni distinctio. Voluptatem aperiam dolor et dolor deleniti.', 1, '2018-08-12 11:50:56', '2018-08-12 11:50:56');
INSERT INTO eapi.reviews (id, product_id, customer, review, star, created_at, updated_at) VALUES (181, 21, 'Tatum Wisozk', 'Tenetur ad dolores quod cum dolorum adipisci. Nulla quo similique quod harum. Doloremque rerum tempora facilis vel eum. Veritatis ducimus ut dolores nostrum et.', 2, '2018-08-12 11:50:56', '2018-08-12 11:50:56');
INSERT INTO eapi.reviews (id, product_id, customer, review, star, created_at, updated_at) VALUES (182, 20, 'Fabiola Wehner', 'Incidunt doloribus velit nisi excepturi. Minima sed commodi fugit aut quia consectetur nam. Accusantium reprehenderit quis quia aut. Qui sed in a pariatur. Vero enim consequatur voluptas temporibus autem quaerat.', 3, '2018-08-12 11:50:56', '2018-08-12 11:50:56');
INSERT INTO eapi.reviews (id, product_id, customer, review, star, created_at, updated_at) VALUES (183, 25, 'Aletha Vandervort', 'Dicta voluptatem consequuntur laborum illo. Et dolorem sint excepturi aliquid earum distinctio. Deserunt velit optio et consequatur eos placeat.', 5, '2018-08-12 11:50:56', '2018-08-12 11:50:56');
INSERT INTO eapi.reviews (id, product_id, customer, review, star, created_at, updated_at) VALUES (184, 30, 'Juanita Jacobi', 'Voluptate sit autem a eum deserunt. Fugiat cupiditate aut minima natus omnis eaque quibusdam dolor. Provident nobis quae eius velit.', 1, '2018-08-12 11:50:56', '2018-08-12 11:50:56');
INSERT INTO eapi.reviews (id, product_id, customer, review, star, created_at, updated_at) VALUES (185, 41, 'Esther Considine', 'Ut ut id mollitia culpa. Dolor corporis aut exercitationem nulla culpa assumenda. Ut aut quis sit praesentium ut molestiae.', 3, '2018-08-12 11:50:56', '2018-08-12 11:50:56');
INSERT INTO eapi.reviews (id, product_id, customer, review, star, created_at, updated_at) VALUES (186, 24, 'Dr. Brenden Gorczany', 'Architecto aut et aut voluptas quae hic fuga. Voluptatem magni ut rerum quos consequatur qui. Id unde minus et voluptas impedit beatae.', 0, '2018-08-12 11:50:56', '2018-08-12 11:50:56');
INSERT INTO eapi.reviews (id, product_id, customer, review, star, created_at, updated_at) VALUES (187, 47, 'Nannie Ruecker', 'Ut officia eius iste non. Dolor quis repudiandae animi numquam.', 3, '2018-08-12 11:50:56', '2018-08-12 11:50:56');
INSERT INTO eapi.reviews (id, product_id, customer, review, star, created_at, updated_at) VALUES (188, 39, 'Elinore Heathcote', 'Explicabo sed itaque a ratione. Ab adipisci ut temporibus qui nam itaque eaque molestiae. Illum consequatur ullam ipsam aut quia.', 4, '2018-08-12 11:50:56', '2018-08-12 11:50:56');
INSERT INTO eapi.reviews (id, product_id, customer, review, star, created_at, updated_at) VALUES (189, 15, 'Brice Marvin', 'Explicabo adipisci temporibus impedit perspiciatis. Totam cum qui saepe earum earum dolor commodi. Recusandae nam quas sint id et et voluptas molestiae. Vel expedita accusamus nihil incidunt.', 4, '2018-08-12 11:50:56', '2018-08-12 11:50:56');
INSERT INTO eapi.reviews (id, product_id, customer, review, star, created_at, updated_at) VALUES (190, 43, 'Brycen Kozey', 'Est ab soluta facilis amet. Quam sed nam vel earum. Aliquid qui vero quo reiciendis hic. Sit rerum dolor dicta et nulla molestiae sed.', 1, '2018-08-12 11:50:56', '2018-08-12 11:50:56');
INSERT INTO eapi.reviews (id, product_id, customer, review, star, created_at, updated_at) VALUES (191, 49, 'Alexandre Cremin IV', 'Placeat ad consequatur harum voluptates voluptatibus ut tempora beatae. Architecto maxime recusandae ipsam autem qui doloremque qui. Velit fuga ratione sapiente aut cupiditate veritatis. Accusantium dolores velit facilis.', 4, '2018-08-12 11:50:56', '2018-08-12 11:50:56');
INSERT INTO eapi.reviews (id, product_id, customer, review, star, created_at, updated_at) VALUES (192, 38, 'Prof. Shyann Kemmer', 'Nobis deserunt alias odio minus. Earum et dolores aut ipsa corporis. Exercitationem ducimus mollitia occaecati fugit doloribus vitae earum. Minus odit optio tempora repellendus a et corporis voluptatem.', 0, '2018-08-12 11:50:56', '2018-08-12 11:50:56');
INSERT INTO eapi.reviews (id, product_id, customer, review, star, created_at, updated_at) VALUES (193, 31, 'Lucinda Dooley', 'Qui et qui alias aut. Repudiandae nobis totam fuga nulla eveniet voluptas.', 4, '2018-08-12 11:50:56', '2018-08-12 11:50:56');
INSERT INTO eapi.reviews (id, product_id, customer, review, star, created_at, updated_at) VALUES (194, 12, 'Lauryn Parisian', 'Laboriosam velit aliquid atque in hic suscipit vero. Quidem in harum voluptates deserunt. Nesciunt occaecati sequi praesentium quia esse. Aut dolores cupiditate officiis sunt aut. Delectus repellat dolorem totam sed cum cum non.', 0, '2018-08-12 11:50:56', '2018-08-12 11:50:56');
INSERT INTO eapi.reviews (id, product_id, customer, review, star, created_at, updated_at) VALUES (195, 9, 'Mrs. Daphne Jaskolski I', 'Quia doloribus quia corrupti doloribus eveniet enim. Voluptates dignissimos necessitatibus sed quae qui harum veniam. Nihil deserunt architecto nisi porro reprehenderit nam.', 3, '2018-08-12 11:50:56', '2018-08-12 11:50:56');
INSERT INTO eapi.reviews (id, product_id, customer, review, star, created_at, updated_at) VALUES (196, 9, 'Prof. Brown Stanton III', 'Perferendis et suscipit in totam. At laudantium ut consequuntur velit quam et. Quod asperiores consequatur modi aut quia.', 3, '2018-08-12 11:50:56', '2018-08-12 11:50:56');
INSERT INTO eapi.reviews (id, product_id, customer, review, star, created_at, updated_at) VALUES (197, 27, 'Myles Frami', 'Facere quam sint delectus unde totam. Consequatur dicta est atque est quaerat officiis. In et blanditiis repellendus iure fuga aut sequi. Animi perspiciatis et sit.', 4, '2018-08-12 11:50:56', '2018-08-12 11:50:56');
INSERT INTO eapi.reviews (id, product_id, customer, review, star, created_at, updated_at) VALUES (198, 24, 'Mr. Alan Price III', 'Labore sit et id. Rem recusandae velit velit. Necessitatibus qui sint in aut. Odit dolores doloremque ratione quia dolor sit est.', 3, '2018-08-12 11:50:56', '2018-08-12 11:50:56');
INSERT INTO eapi.reviews (id, product_id, customer, review, star, created_at, updated_at) VALUES (199, 14, 'Ms. Aurelie Rempel Jr.', 'Voluptates fugit vitae tempora vel et amet pariatur sint. Quia voluptatibus voluptatem aut unde. Impedit magni quis dolorem unde laboriosam qui. Iure sed et magni.', 0, '2018-08-12 11:50:56', '2018-08-12 11:50:56');
INSERT INTO eapi.reviews (id, product_id, customer, review, star, created_at, updated_at) VALUES (200, 3, 'Maiya Bartell I', 'Animi sint nesciunt voluptas. Sunt cumque quia est porro rem molestiae quo. Aut aut eos corrupti voluptas aut quos. Dolor officia quis dignissimos et illum.', 4, '2018-08-12 11:50:57', '2018-08-12 11:50:57');
INSERT INTO eapi.reviews (id, product_id, customer, review, star, created_at, updated_at) VALUES (201, 36, 'Ms. Audra Littel Jr.', 'Labore sed autem illo dolorem saepe. Dolor veniam omnis exercitationem ratione molestiae. Autem et magni sint est voluptas magnam non deserunt.', 0, '2018-08-12 11:50:57', '2018-08-12 11:50:57');
INSERT INTO eapi.reviews (id, product_id, customer, review, star, created_at, updated_at) VALUES (202, 12, 'Dr. Curt Heidenreich', 'Laudantium voluptas et accusamus saepe distinctio quo velit qui. Asperiores atque rerum et quisquam et. Et consequatur numquam non dicta officia ut. Deleniti alias consequatur et commodi iure deserunt. Ut quos dolorum eos quisquam.', 4, '2018-08-12 11:50:57', '2018-08-12 11:50:57');
INSERT INTO eapi.reviews (id, product_id, customer, review, star, created_at, updated_at) VALUES (203, 7, 'Prof. Faustino Gottlieb DVM', 'Autem non distinctio unde quod. Id ut illum voluptatem ut. Eius eum perferendis repellat nostrum occaecati. Magnam doloribus eligendi sunt sed non.', 3, '2018-08-12 11:50:57', '2018-08-12 11:50:57');
INSERT INTO eapi.reviews (id, product_id, customer, review, star, created_at, updated_at) VALUES (204, 9, 'Archibald Herman', 'Eos earum amet recusandae ullam aliquid quas. Necessitatibus voluptas laboriosam eos dignissimos et omnis. Qui qui et voluptas est aspernatur voluptatibus. Vitae laudantium dolorum consequuntur quis perspiciatis atque saepe. Quia eum accusamus autem necessitatibus.', 5, '2018-08-12 11:50:57', '2018-08-12 11:50:57');
INSERT INTO eapi.reviews (id, product_id, customer, review, star, created_at, updated_at) VALUES (205, 38, 'Ephraim Nienow', 'Quae magnam est totam molestias officia voluptatem. Sed accusantium beatae explicabo reiciendis consectetur non dolorum quasi. Minus odio odio eveniet aut eos nam.', 4, '2018-08-12 11:50:57', '2018-08-12 11:50:57');
INSERT INTO eapi.reviews (id, product_id, customer, review, star, created_at, updated_at) VALUES (206, 38, 'Dr. Nettie Powlowski', 'Qui ut ut officiis culpa occaecati sunt aperiam. Et laborum aut voluptas sapiente. Facilis nihil blanditiis qui deserunt tempore molestiae modi.', 5, '2018-08-12 11:50:57', '2018-08-12 11:50:57');
INSERT INTO eapi.reviews (id, product_id, customer, review, star, created_at, updated_at) VALUES (207, 24, 'Dr. Tyrell Gusikowski', 'Sunt eos rerum est autem. Sint qui et ut quas et tenetur laboriosam. Ab a quod eaque ullam voluptatem voluptas placeat.', 1, '2018-08-12 11:50:57', '2018-08-12 11:50:57');
INSERT INTO eapi.reviews (id, product_id, customer, review, star, created_at, updated_at) VALUES (208, 2, 'Cristian Ruecker', 'Corporis voluptatem ut id inventore. Quidem placeat dolorem exercitationem reprehenderit iure quas aliquam. Ipsam quisquam accusantium odit. Non fuga et non excepturi.', 0, '2018-08-12 11:50:57', '2018-08-12 11:50:57');
INSERT INTO eapi.reviews (id, product_id, customer, review, star, created_at, updated_at) VALUES (209, 27, 'Prof. Andre Rosenbaum', 'Et id placeat quam dolor eveniet adipisci nihil. Modi ad delectus quod accusamus sit eum vel nemo.', 2, '2018-08-12 11:50:57', '2018-08-12 11:50:57');
INSERT INTO eapi.reviews (id, product_id, customer, review, star, created_at, updated_at) VALUES (210, 49, 'Dr. Uriah Heidenreich DVM', 'Consequatur ipsam quia voluptatum sapiente deserunt blanditiis nostrum. Ut molestiae in quidem explicabo tempore quo. Ut fugiat nam autem est.', 2, '2018-08-12 11:50:57', '2018-08-12 11:50:57');
INSERT INTO eapi.reviews (id, product_id, customer, review, star, created_at, updated_at) VALUES (211, 40, 'Mitchel Greenholt', 'Sed quidem voluptatibus saepe culpa aspernatur quis omnis. Doloribus quas sit inventore deleniti est voluptatem. Repudiandae voluptatum tempora laborum.', 4, '2018-08-12 11:50:57', '2018-08-12 11:50:57');
INSERT INTO eapi.reviews (id, product_id, customer, review, star, created_at, updated_at) VALUES (212, 12, 'Devin Jakubowski', 'Facilis quisquam asperiores dolor est porro et rem. Id ea quia iste sint quia saepe. Qui qui veritatis et est enim.', 1, '2018-08-12 11:50:57', '2018-08-12 11:50:57');
INSERT INTO eapi.reviews (id, product_id, customer, review, star, created_at, updated_at) VALUES (213, 40, 'Einar Ruecker', 'Molestiae non ullam corrupti modi aut vero. Voluptates illum ipsa officia dolores animi. In nihil minus aut dolorem est aut sit sunt.', 0, '2018-08-12 11:50:57', '2018-08-12 11:50:57');
INSERT INTO eapi.reviews (id, product_id, customer, review, star, created_at, updated_at) VALUES (214, 25, 'Mrs. Jany Hyatt DVM', 'Aut similique recusandae maxime nobis eaque. Molestiae non ut rerum repellat ab. Est laboriosam id cumque. Sit repellendus rem qui nesciunt.', 2, '2018-08-12 11:50:57', '2018-08-12 11:50:57');
INSERT INTO eapi.reviews (id, product_id, customer, review, star, created_at, updated_at) VALUES (215, 43, 'Mr. Kirk Romaguera MD', 'Quis dolorum quia id corrupti. Tempore atque sit nobis nemo unde exercitationem. Vero vitae quia ea voluptas velit aspernatur sint. Ut optio quisquam deleniti aliquid.', 5, '2018-08-12 11:50:57', '2018-08-12 11:50:57');
INSERT INTO eapi.reviews (id, product_id, customer, review, star, created_at, updated_at) VALUES (216, 31, 'Madison Torphy', 'Voluptas consectetur aliquid dolor quidem aliquid. Expedita sint totam ipsam sint accusamus asperiores sit. Accusantium error voluptas officia error sed repellendus assumenda recusandae. Aspernatur dolor dolorem nam optio qui velit.', 0, '2018-08-12 11:50:57', '2018-08-12 11:50:57');
INSERT INTO eapi.reviews (id, product_id, customer, review, star, created_at, updated_at) VALUES (217, 45, 'Dr. Rachelle Pollich PhD', 'Voluptate est ipsum quia est asperiores sed amet et. Fugit eveniet reiciendis fuga. Ipsa accusantium incidunt ut accusamus. Nihil ea dolorum assumenda odit repellendus.', 0, '2018-08-12 11:50:57', '2018-08-12 11:50:57');
INSERT INTO eapi.reviews (id, product_id, customer, review, star, created_at, updated_at) VALUES (218, 21, 'Mr. Tony Prosacco I', 'Molestias et debitis hic velit nulla. Et veritatis aperiam aut quis non. Exercitationem minus magni voluptatum nihil.', 5, '2018-08-12 11:50:57', '2018-08-12 11:50:57');
INSERT INTO eapi.reviews (id, product_id, customer, review, star, created_at, updated_at) VALUES (219, 38, 'Dr. Flavie Stroman Sr.', 'In dolores est consequuntur accusantium ut facilis voluptas. Omnis et et ipsam quo id eius non. Sunt voluptas deserunt animi praesentium est. Voluptas enim qui ducimus aut quis et sint.', 4, '2018-08-12 11:50:57', '2018-08-12 11:50:57');
INSERT INTO eapi.reviews (id, product_id, customer, review, star, created_at, updated_at) VALUES (220, 17, 'Leanne Stehr DVM', 'Aut provident quis porro magni ut. Sint tempora ipsa eum maiores rerum. Dignissimos quia delectus dolorem temporibus.', 1, '2018-08-12 11:50:57', '2018-08-12 11:50:57');
INSERT INTO eapi.reviews (id, product_id, customer, review, star, created_at, updated_at) VALUES (221, 34, 'Oceane Sipes', 'Eum autem unde sit quam explicabo quas sint aut. Odio consequatur cum reiciendis praesentium ea doloremque qui saepe. In non ratione deleniti eaque ut asperiores. Dicta atque odit aut dolorem facilis et consequatur.', 0, '2018-08-12 11:50:57', '2018-08-12 11:50:57');
INSERT INTO eapi.reviews (id, product_id, customer, review, star, created_at, updated_at) VALUES (222, 35, 'Naomi Trantow', 'Asperiores sunt ea mollitia eos vel. Ipsum enim optio provident laboriosam repellendus.', 4, '2018-08-12 11:50:57', '2018-08-12 11:50:57');
INSERT INTO eapi.reviews (id, product_id, customer, review, star, created_at, updated_at) VALUES (223, 39, 'Hipolito Kessler', 'Perferendis eum numquam sapiente eos voluptatem autem ratione. Et qui eum id id eligendi aperiam necessitatibus. Culpa corporis vel dolorem quia velit omnis nulla voluptatum. Assumenda sit excepturi dolorem et.', 1, '2018-08-12 11:50:57', '2018-08-12 11:50:57');
INSERT INTO eapi.reviews (id, product_id, customer, review, star, created_at, updated_at) VALUES (224, 22, 'Libbie Beer', 'Temporibus quas aut eius. Veniam quam nesciunt commodi autem asperiores omnis. Atque doloremque eius rerum et officiis. Magni pariatur ipsa ipsam nemo est natus.', 0, '2018-08-12 11:50:57', '2018-08-12 11:50:57');
INSERT INTO eapi.reviews (id, product_id, customer, review, star, created_at, updated_at) VALUES (225, 19, 'Prof. Nathaniel Boyer MD', 'Earum pariatur non ratione explicabo. Et veniam nobis qui qui quis sed sunt. Commodi libero et incidunt repellendus.', 0, '2018-08-12 11:50:57', '2018-08-12 11:50:57');
INSERT INTO eapi.reviews (id, product_id, customer, review, star, created_at, updated_at) VALUES (226, 41, 'Mrs. Amalia Barton DVM', 'Atque ex aliquam maiores quos. Odio facilis occaecati necessitatibus voluptatem perferendis quis molestias. Quas doloremque ea numquam error sit odio velit consequatur.', 1, '2018-08-12 11:50:57', '2018-08-12 11:50:57');
INSERT INTO eapi.reviews (id, product_id, customer, review, star, created_at, updated_at) VALUES (227, 21, 'Kiara Heaney MD', 'Ab illum voluptatum debitis eos. Iure consequatur magnam temporibus perspiciatis dicta id aut. Officiis eius rem dolorem dicta. Possimus ipsa modi sequi omnis.', 0, '2018-08-12 11:50:57', '2018-08-12 11:50:57');
INSERT INTO eapi.reviews (id, product_id, customer, review, star, created_at, updated_at) VALUES (228, 9, 'Mariane Bogan', 'Minima commodi sint impedit modi. Ut officia iusto fugit natus voluptatum. Iure eligendi vel quisquam omnis tenetur laboriosam. Iure hic quia quia non.', 4, '2018-08-12 11:50:57', '2018-08-12 11:50:57');
INSERT INTO eapi.reviews (id, product_id, customer, review, star, created_at, updated_at) VALUES (229, 48, 'Prof. Juwan Fahey', 'Eum maxime aspernatur non quidem ipsum inventore aliquid. Quisquam ea adipisci amet assumenda eligendi perferendis. Reprehenderit mollitia placeat officiis quod asperiores beatae accusamus. In ut quas et eaque.', 4, '2018-08-12 11:50:58', '2018-08-12 11:50:58');
INSERT INTO eapi.reviews (id, product_id, customer, review, star, created_at, updated_at) VALUES (230, 23, 'Laurianne Ruecker', 'Culpa voluptates voluptatibus nostrum consequatur. Vel sit veniam iste expedita et ut unde sit. Eum adipisci rerum quia quas alias. Rem vel ipsam et repellat.', 3, '2018-08-12 11:50:58', '2018-08-12 11:50:58');
INSERT INTO eapi.reviews (id, product_id, customer, review, star, created_at, updated_at) VALUES (231, 28, 'Ana D''Amore', 'Voluptatibus cupiditate voluptatem autem facere placeat quibusdam dicta. Animi est qui qui totam odio aut. Sunt a ipsam saepe fugit.', 5, '2018-08-12 11:50:58', '2018-08-12 11:50:58');
INSERT INTO eapi.reviews (id, product_id, customer, review, star, created_at, updated_at) VALUES (232, 20, 'Ms. Estrella Huels III', 'Commodi ducimus qui vitae quas earum. Dolore id rerum eos vero voluptas. Accusantium eaque possimus eos est mollitia nam ad. Accusamus eligendi non asperiores adipisci aspernatur dolores. Et aliquid nemo dolore.', 0, '2018-08-12 11:50:58', '2018-08-12 11:50:58');
INSERT INTO eapi.reviews (id, product_id, customer, review, star, created_at, updated_at) VALUES (233, 6, 'Prof. Aidan Christiansen', 'Nisi ullam eius culpa id modi omnis ea. Qui dolorem et dolor voluptas esse. Officia adipisci aut enim at.', 5, '2018-08-12 11:50:58', '2018-08-12 11:50:58');
INSERT INTO eapi.reviews (id, product_id, customer, review, star, created_at, updated_at) VALUES (234, 48, 'Jayme Quigley', 'Voluptatem nihil consectetur tenetur amet sunt voluptatem. Quo sapiente dicta nobis eos aliquam dolore nobis. Dolore consectetur eos itaque culpa repellendus.', 5, '2018-08-12 11:50:58', '2018-08-12 11:50:58');
INSERT INTO eapi.reviews (id, product_id, customer, review, star, created_at, updated_at) VALUES (235, 12, 'Brisa Wisoky', 'Quis asperiores consequatur saepe. Error voluptatem ducimus exercitationem corporis. Pariatur vitae praesentium facere qui quia magni. Et magnam earum voluptate aut.', 2, '2018-08-12 11:50:58', '2018-08-12 11:50:58');
INSERT INTO eapi.reviews (id, product_id, customer, review, star, created_at, updated_at) VALUES (236, 37, 'Cielo Lemke', 'Vel distinctio dolores ducimus ipsa dolores blanditiis. Est sunt veniam dolorum ratione et sapiente. Dolorum recusandae sed sed et quaerat sed inventore. Sed omnis autem qui sit reprehenderit eaque repellat dolorem.', 2, '2018-08-12 11:50:58', '2018-08-12 11:50:58');
INSERT INTO eapi.reviews (id, product_id, customer, review, star, created_at, updated_at) VALUES (237, 26, 'Taylor Hackett', 'Dolorem quia officia reprehenderit dolorum. Ratione a magni minus voluptas consequuntur magni. Eos quibusdam quidem est dolores ipsum error. Ea nam pariatur et inventore eum vel.', 5, '2018-08-12 11:50:58', '2018-08-12 11:50:58');
INSERT INTO eapi.reviews (id, product_id, customer, review, star, created_at, updated_at) VALUES (238, 12, 'Dr. Devan Torp', 'Tempore consectetur eligendi quidem optio. Nesciunt exercitationem dicta nesciunt laborum in sed in. Non libero ut ut assumenda blanditiis. Delectus molestiae laboriosam qui sed.', 2, '2018-08-12 11:50:58', '2018-08-12 11:50:58');
INSERT INTO eapi.reviews (id, product_id, customer, review, star, created_at, updated_at) VALUES (239, 38, 'Cale Schinner', 'Ut eius ex ratione molestias. Pariatur sed iure aut quia. Eos id cum maiores aut nam voluptatem dolorem voluptatem.', 5, '2018-08-12 11:50:58', '2018-08-12 11:50:58');
INSERT INTO eapi.reviews (id, product_id, customer, review, star, created_at, updated_at) VALUES (240, 41, 'Ms. Mossie Hand III', 'Ut ut sed nihil earum laboriosam reiciendis modi odit. Corrupti ut recusandae repudiandae reprehenderit dolorem mollitia vero. Sed sint rerum qui cumque. Architecto qui necessitatibus adipisci qui est distinctio sint.', 4, '2018-08-12 11:50:58', '2018-08-12 11:50:58');
INSERT INTO eapi.reviews (id, product_id, customer, review, star, created_at, updated_at) VALUES (241, 12, 'Norval Carter', 'Aut sit optio necessitatibus veniam voluptas rem blanditiis excepturi. Reprehenderit architecto explicabo consequatur tempore culpa. Quasi impedit ipsa distinctio similique eius esse.', 2, '2018-08-12 11:50:58', '2018-08-12 11:50:58');
INSERT INTO eapi.reviews (id, product_id, customer, review, star, created_at, updated_at) VALUES (242, 5, 'Prof. Ottis Little', 'Reprehenderit expedita eius voluptas cum voluptas enim. Sit alias nam velit eaque odio voluptate. Eum est exercitationem et. Atque atque eos mollitia.', 4, '2018-08-12 11:50:58', '2018-08-12 11:50:58');
INSERT INTO eapi.reviews (id, product_id, customer, review, star, created_at, updated_at) VALUES (243, 38, 'Francesca Ullrich', 'Id voluptates ut laboriosam aut occaecati voluptatem necessitatibus ut. Laboriosam ea ipsam aspernatur enim fugit architecto minus aut. Ea quibusdam debitis aut ducimus accusamus sed voluptatibus.', 2, '2018-08-12 11:50:58', '2018-08-12 11:50:58');
INSERT INTO eapi.reviews (id, product_id, customer, review, star, created_at, updated_at) VALUES (244, 9, 'Mr. Dexter Grimes', 'Iure dignissimos voluptate velit et. Eveniet nobis molestias quidem in. Dolore quia aut quisquam id ea. Magni quos aut sit perspiciatis cumque non.', 0, '2018-08-12 11:50:58', '2018-08-12 11:50:58');
INSERT INTO eapi.reviews (id, product_id, customer, review, star, created_at, updated_at) VALUES (245, 7, 'Maximillia Nitzsche', 'Voluptatum aliquid consequuntur blanditiis illo qui sed. Voluptatum voluptas deleniti ut dicta. Tenetur sequi nisi labore ab esse. Velit at rerum distinctio assumenda.', 5, '2018-08-12 11:50:58', '2018-08-12 11:50:58');
INSERT INTO eapi.reviews (id, product_id, customer, review, star, created_at, updated_at) VALUES (246, 12, 'Ronaldo Goldner', 'Labore maiores et atque et sint consequuntur autem. Nulla qui est consectetur labore aperiam velit. Consequatur inventore ut deserunt error.', 3, '2018-08-12 11:50:58', '2018-08-12 11:50:58');
INSERT INTO eapi.reviews (id, product_id, customer, review, star, created_at, updated_at) VALUES (247, 19, 'Mrs. Eugenia Kirlin', 'Qui hic quisquam sunt tenetur velit ut. Facilis quo consequatur nostrum soluta vel. Quod ad praesentium tempore minima laudantium quia ea sunt. Quis est necessitatibus quis quod.', 4, '2018-08-12 11:50:58', '2018-08-12 11:50:58');
INSERT INTO eapi.reviews (id, product_id, customer, review, star, created_at, updated_at) VALUES (248, 30, 'Furman Labadie', 'Iure doloribus aut quod et. Et accusantium at ad rerum quia. Voluptatem quia harum dolor minus. Consequatur voluptatem fuga repudiandae dolorem.', 5, '2018-08-12 11:50:58', '2018-08-12 11:50:58');
INSERT INTO eapi.reviews (id, product_id, customer, review, star, created_at, updated_at) VALUES (249, 7, 'Lavina Hansen', 'Cum minima non quas consectetur autem dolorem voluptatum. Suscipit molestias fugit nihil aliquam quia sint aut sint. Velit nihil optio non quas soluta.', 5, '2018-08-12 11:50:58', '2018-08-12 11:50:58');
INSERT INTO eapi.reviews (id, product_id, customer, review, star, created_at, updated_at) VALUES (250, 1, 'Michel Ortiz DDS', 'Quia neque fugiat excepturi exercitationem qui unde dicta laboriosam. Id consequatur vel aut.', 1, '2018-08-12 11:50:58', '2018-08-12 11:50:58');
INSERT INTO eapi.reviews (id, product_id, customer, review, star, created_at, updated_at) VALUES (251, 19, 'Mr. Green Haag IV', 'Officia impedit voluptatem atque optio reprehenderit fuga. Impedit quos odio quae.', 5, '2018-08-12 11:50:58', '2018-08-12 11:50:58');
INSERT INTO eapi.reviews (id, product_id, customer, review, star, created_at, updated_at) VALUES (252, 14, 'German Powlowski', 'Nesciunt aut quia esse dolore. Ab voluptate quod illum eos quas. Error distinctio vel enim.', 1, '2018-08-12 11:50:58', '2018-08-12 11:50:58');
INSERT INTO eapi.reviews (id, product_id, customer, review, star, created_at, updated_at) VALUES (253, 26, 'Miss Alysa Thiel DDS', 'Recusandae fugiat eveniet ullam itaque. Quia nesciunt facere assumenda veritatis non quos. Consequatur velit rerum inventore corrupti quo. Cupiditate et sit maiores. Est repellat perferendis possimus asperiores inventore.', 1, '2018-08-12 11:50:58', '2018-08-12 11:50:58');
INSERT INTO eapi.reviews (id, product_id, customer, review, star, created_at, updated_at) VALUES (254, 17, 'Wava Crist V', 'Qui tempore praesentium aut a et. Exercitationem aliquid magni accusantium iste expedita ex voluptatem. Labore non mollitia minus reiciendis tempore praesentium. Qui qui saepe cumque eos delectus unde.', 1, '2018-08-12 11:50:58', '2018-08-12 11:50:58');
INSERT INTO eapi.reviews (id, product_id, customer, review, star, created_at, updated_at) VALUES (255, 2, 'Joelle Gottlieb', 'Aliquam hic dolorum doloribus harum est. Necessitatibus quasi soluta quis et. Iusto culpa in magnam autem. Quis et sapiente quae neque officia alias.', 1, '2018-08-12 11:50:58', '2018-08-12 11:50:58');
INSERT INTO eapi.reviews (id, product_id, customer, review, star, created_at, updated_at) VALUES (256, 47, 'Prof. Skylar Dietrich V', 'Doloribus porro facere quidem magnam. Sed voluptates assumenda dicta fuga et. Similique exercitationem facere rerum molestiae temporibus excepturi enim.', 2, '2018-08-12 11:50:58', '2018-08-12 11:50:58');
INSERT INTO eapi.reviews (id, product_id, customer, review, star, created_at, updated_at) VALUES (257, 27, 'Glenda O''Hara', 'Ut voluptatem optio laudantium ratione facere rem et. Sapiente saepe nisi laborum mollitia. Ut et error ut natus eligendi optio. Accusantium et voluptatem qui ea temporibus eligendi.', 3, '2018-08-12 11:50:58', '2018-08-12 11:50:58');
INSERT INTO eapi.reviews (id, product_id, customer, review, star, created_at, updated_at) VALUES (258, 15, 'Murphy Daugherty II', 'Aut veniam voluptatem iure quisquam commodi reprehenderit expedita. Aut minima saepe pariatur deleniti. Commodi quibusdam architecto ullam aut.', 4, '2018-08-12 11:50:58', '2018-08-12 11:50:58');
INSERT INTO eapi.reviews (id, product_id, customer, review, star, created_at, updated_at) VALUES (259, 1, 'Darrion O''Connell', 'Illum qui quibusdam sequi ut. Qui earum ea labore reprehenderit voluptatem odio. Laboriosam ut eos facilis incidunt repellendus amet facilis. Nulla necessitatibus eos error possimus qui quia.', 2, '2018-08-12 11:50:59', '2018-08-12 11:50:59');
INSERT INTO eapi.reviews (id, product_id, customer, review, star, created_at, updated_at) VALUES (260, 48, 'Lavinia Sauer', 'Ex et aliquam ducimus illum reiciendis quisquam est. Facere qui reprehenderit rerum est itaque. Ut tempora delectus voluptas aut quia enim excepturi. Modi aut eos voluptate distinctio.', 1, '2018-08-12 11:50:59', '2018-08-12 11:50:59');
INSERT INTO eapi.reviews (id, product_id, customer, review, star, created_at, updated_at) VALUES (261, 13, 'Prof. Bill Ledner V', 'Ad nam quasi fuga autem aut. Blanditiis excepturi optio quo et ipsum voluptatem. Sint doloremque nemo laudantium itaque nisi et officiis.', 0, '2018-08-12 11:50:59', '2018-08-12 11:50:59');
INSERT INTO eapi.reviews (id, product_id, customer, review, star, created_at, updated_at) VALUES (262, 16, 'Mr. Ignacio Hamill', 'Eius hic omnis porro laboriosam nihil. Odio saepe consequatur totam. Commodi repellat tempora illo aut suscipit. Recusandae nobis et quia.', 5, '2018-08-12 11:50:59', '2018-08-12 11:50:59');
INSERT INTO eapi.reviews (id, product_id, customer, review, star, created_at, updated_at) VALUES (263, 42, 'Ms. Katelynn Daniel DVM', 'Consequatur rerum sit qui quia ipsam. Quas aperiam expedita rerum cumque minima et dolor adipisci. Totam eos ut recusandae distinctio ipsam eaque officia. Recusandae doloribus et nihil magnam eos est nihil.', 2, '2018-08-12 11:50:59', '2018-08-12 11:50:59');
INSERT INTO eapi.reviews (id, product_id, customer, review, star, created_at, updated_at) VALUES (264, 8, 'Jules Johnston', 'At aut eum blanditiis et iste. Dignissimos facere soluta aliquam ad qui dolorem asperiores veniam. Dolorem aspernatur a officia.', 0, '2018-08-12 11:50:59', '2018-08-12 11:50:59');
INSERT INTO eapi.reviews (id, product_id, customer, review, star, created_at, updated_at) VALUES (265, 25, 'Hester Huel', 'Nulla sunt quas exercitationem animi quo architecto commodi. Veritatis illo vel officiis odio temporibus ut consequatur. Molestiae omnis cum hic distinctio consequatur quis. Quam laborum sint quas dolores.', 5, '2018-08-12 11:50:59', '2018-08-12 11:50:59');
INSERT INTO eapi.reviews (id, product_id, customer, review, star, created_at, updated_at) VALUES (266, 41, 'Leone Douglas', 'Architecto ut illo repellat veritatis dolores doloremque. Repudiandae voluptatem placeat sequi ipsa. Voluptatibus eius aut dolore consequatur minus repellat.', 4, '2018-08-12 11:50:59', '2018-08-12 11:50:59');
INSERT INTO eapi.reviews (id, product_id, customer, review, star, created_at, updated_at) VALUES (267, 19, 'Rudolph Lockman', 'Ratione ut quia quisquam esse iste. Corporis omnis eum qui doloribus in aspernatur fugiat error. Tempore eligendi voluptatem sed consequuntur ad quam repellendus. Totam dolorum officiis mollitia saepe voluptatem facere et.', 1, '2018-08-12 11:50:59', '2018-08-12 11:50:59');
INSERT INTO eapi.reviews (id, product_id, customer, review, star, created_at, updated_at) VALUES (268, 5, 'Andreanne Hintz IV', 'Eaque voluptas est quae porro vero aut amet. Sed omnis eum illo laboriosam aut voluptatem voluptatum. Est ratione nobis aliquam sint labore sunt tempore. Accusamus non sit sint nobis iste vel facilis eligendi.', 2, '2018-08-12 11:50:59', '2018-08-12 11:50:59');
INSERT INTO eapi.reviews (id, product_id, customer, review, star, created_at, updated_at) VALUES (269, 44, 'Heloise Stark IV', 'Sed dolorem quia suscipit ut itaque dolorem. Est eos illo suscipit veniam voluptatum vitae. Ea sunt ab expedita beatae quis. Itaque ipsam reprehenderit aut non.', 3, '2018-08-12 11:50:59', '2018-08-12 11:50:59');
INSERT INTO eapi.reviews (id, product_id, customer, review, star, created_at, updated_at) VALUES (270, 16, 'Mariane Swift', 'Quasi quo dolorem minima beatae. Est molestias excepturi sit magnam. Dolorem deleniti deleniti quo odio quae natus ad.', 3, '2018-08-12 11:50:59', '2018-08-12 11:50:59');
INSERT INTO eapi.reviews (id, product_id, customer, review, star, created_at, updated_at) VALUES (271, 26, 'Dr. Dean Ziemann', 'Voluptatibus omnis numquam iste suscipit ut illo ut. Et inventore iure suscipit corporis non. Quo fugiat minus similique sed ex ex.', 4, '2018-08-12 11:50:59', '2018-08-12 11:50:59');
INSERT INTO eapi.reviews (id, product_id, customer, review, star, created_at, updated_at) VALUES (272, 28, 'Ted Raynor', 'Expedita voluptatem quia qui quibusdam atque quia delectus. Est doloribus numquam voluptatem nostrum ut eos sit. Hic omnis soluta voluptatem adipisci tenetur voluptatem. Eveniet quibusdam aut autem dolor explicabo est. Occaecati aperiam ratione dolor non inventore perferendis.', 2, '2018-08-12 11:50:59', '2018-08-12 11:50:59');
INSERT INTO eapi.reviews (id, product_id, customer, review, star, created_at, updated_at) VALUES (273, 17, 'Norbert Cummerata', 'Praesentium aut sint veniam est. Veniam repellendus est corrupti delectus quam at. Pariatur est autem quaerat. Minus consequatur eveniet blanditiis tempora sint maiores.', 3, '2018-08-12 11:50:59', '2018-08-12 11:50:59');
INSERT INTO eapi.reviews (id, product_id, customer, review, star, created_at, updated_at) VALUES (274, 29, 'Norwood Borer', 'Quibusdam doloremque provident expedita nulla. Debitis cum consequatur non perspiciatis. Deserunt cumque ducimus qui. Occaecati placeat deserunt consequatur voluptas quos ratione et.', 5, '2018-08-12 11:50:59', '2018-08-12 11:50:59');
INSERT INTO eapi.reviews (id, product_id, customer, review, star, created_at, updated_at) VALUES (275, 49, 'Chaim Donnelly', 'Eos voluptas molestiae at suscipit id. Qui est nisi fuga assumenda veritatis. Ut quia repudiandae et qui. Aut dignissimos quas quia in. Deleniti aut officiis repellendus.', 1, '2018-08-12 11:50:59', '2018-08-12 11:50:59');
INSERT INTO eapi.reviews (id, product_id, customer, review, star, created_at, updated_at) VALUES (276, 18, 'Kip Brown MD', 'Quia sit quas fugiat accusantium et libero voluptatem. Quis error incidunt et aut maiores quidem atque. Nulla laborum et quia rerum.', 4, '2018-08-12 11:50:59', '2018-08-12 11:50:59');
INSERT INTO eapi.reviews (id, product_id, customer, review, star, created_at, updated_at) VALUES (277, 31, 'Reanna Kling', 'Consequatur debitis deserunt eveniet suscipit dicta minus ea soluta. Nesciunt qui rem est cupiditate ab aliquid. Voluptate laborum facere at suscipit qui velit velit. Quia quod perferendis est fugiat quia error consequuntur. Incidunt illo officiis aliquid.', 4, '2018-08-12 11:50:59', '2018-08-12 11:50:59');
INSERT INTO eapi.reviews (id, product_id, customer, review, star, created_at, updated_at) VALUES (278, 39, 'Josiah Hartmann', 'Molestias et officiis ut aut suscipit ut et. Et ut aperiam sit amet odio in. Sapiente dolor mollitia autem pariatur vel doloremque dolorum. Voluptas aut et atque possimus deleniti numquam asperiores. Aut non ab atque harum.', 5, '2018-08-12 11:50:59', '2018-08-12 11:50:59');
INSERT INTO eapi.reviews (id, product_id, customer, review, star, created_at, updated_at) VALUES (279, 19, 'Valerie Murray', 'Voluptas voluptas facilis omnis nulla. Ad et unde laborum ut. Quibusdam ab ratione asperiores. Eum et et nostrum dolor quia voluptas eum.', 1, '2018-08-12 11:50:59', '2018-08-12 11:50:59');
INSERT INTO eapi.reviews (id, product_id, customer, review, star, created_at, updated_at) VALUES (280, 38, 'Audra Smith', 'Autem laborum quisquam voluptas ullam eveniet quos eum. Ex veniam quo magni fuga fugit ea quia. Nisi mollitia quaerat quia. Aut perspiciatis est sed molestiae numquam aspernatur perferendis voluptate.', 2, '2018-08-12 11:50:59', '2018-08-12 11:50:59');
INSERT INTO eapi.reviews (id, product_id, customer, review, star, created_at, updated_at) VALUES (281, 45, 'Andreane Kunde', 'Non non aspernatur iure ex dolores aut molestiae. Neque quo est quia maxime unde. Iste est et iure. Nihil velit voluptatem accusamus eius illum non.', 1, '2018-08-12 11:50:59', '2018-08-12 11:50:59');
INSERT INTO eapi.reviews (id, product_id, customer, review, star, created_at, updated_at) VALUES (282, 37, 'Lexi Ratke MD', 'Et autem eius aperiam neque. Cum sunt molestias iste accusantium. Qui doloribus eum repellat similique rerum consequatur nihil.', 3, '2018-08-12 11:50:59', '2018-08-12 11:50:59');
INSERT INTO eapi.reviews (id, product_id, customer, review, star, created_at, updated_at) VALUES (283, 46, 'Cordia Vandervort', 'Ducimus sint eius dolorem minus qui magni rerum consequatur. Quos ut est eos ut maxime nam. Culpa tenetur sint quia eum. Fugiat ipsa delectus consectetur et.', 4, '2018-08-12 11:50:59', '2018-08-12 11:50:59');
INSERT INTO eapi.reviews (id, product_id, customer, review, star, created_at, updated_at) VALUES (284, 39, 'Grant O''Kon', 'Quo illo minus est aut. Omnis nobis placeat quos dicta. Consectetur suscipit tempora magni.', 4, '2018-08-12 11:50:59', '2018-08-12 11:50:59');
INSERT INTO eapi.reviews (id, product_id, customer, review, star, created_at, updated_at) VALUES (285, 16, 'Miss Marilou Conn II', 'Quia non soluta dignissimos laborum atque incidunt exercitationem. Qui hic non doloribus.', 3, '2018-08-12 11:51:00', '2018-08-12 11:51:00');
INSERT INTO eapi.reviews (id, product_id, customer, review, star, created_at, updated_at) VALUES (286, 6, 'Monserrat Pfannerstill', 'Nisi temporibus consequuntur voluptatem ut. Soluta voluptas nihil illum deleniti atque. Molestiae non quod enim et. Eius facere voluptas reiciendis fuga.', 3, '2018-08-12 11:51:00', '2018-08-12 11:51:00');
INSERT INTO eapi.reviews (id, product_id, customer, review, star, created_at, updated_at) VALUES (287, 1, 'Barney Lindgren PhD', 'Aliquam inventore impedit culpa autem. Repudiandae repellendus aspernatur totam asperiores voluptatem dolorum. Blanditiis blanditiis dolorem officia excepturi soluta. Delectus fuga earum distinctio officiis veniam non blanditiis voluptas. Eum quia velit sunt ut.', 3, '2018-08-12 11:51:00', '2018-08-12 11:51:00');
INSERT INTO eapi.reviews (id, product_id, customer, review, star, created_at, updated_at) VALUES (288, 13, 'Beulah Nolan', 'Soluta voluptatem totam numquam quae expedita exercitationem omnis. Dignissimos consequatur quae ea numquam vitae voluptatem aliquid. Et eos nemo quia voluptatem doloremque.', 1, '2018-08-12 11:51:00', '2018-08-12 11:51:00');
INSERT INTO eapi.reviews (id, product_id, customer, review, star, created_at, updated_at) VALUES (289, 6, 'Granville Blanda', 'Fuga sint recusandae eveniet voluptatem adipisci. Reiciendis ut corporis quia veniam rerum sed eos explicabo. Sed autem recusandae reprehenderit aut explicabo.', 0, '2018-08-12 11:51:00', '2018-08-12 11:51:00');
INSERT INTO eapi.reviews (id, product_id, customer, review, star, created_at, updated_at) VALUES (290, 6, 'Sonny Sanford', 'Quas veritatis et esse est temporibus nostrum impedit. Quasi odio ipsa qui sed corrupti unde earum. Ut nostrum deserunt repudiandae nihil. Sapiente nemo magnam aperiam.', 2, '2018-08-12 11:51:00', '2018-08-12 11:51:00');
INSERT INTO eapi.reviews (id, product_id, customer, review, star, created_at, updated_at) VALUES (291, 13, 'Morgan Mayert MD', 'Illo fugit dolore suscipit quaerat eveniet error aut. Et asperiores earum qui blanditiis. Doloribus rem sunt mollitia et autem impedit.', 1, '2018-08-12 11:51:00', '2018-08-12 11:51:00');
INSERT INTO eapi.reviews (id, product_id, customer, review, star, created_at, updated_at) VALUES (292, 24, 'Zakary Swaniawski', 'Dignissimos et ut id. Nobis est assumenda nemo natus accusantium aut tempore rerum.', 2, '2018-08-12 11:51:00', '2018-08-12 11:51:00');
INSERT INTO eapi.reviews (id, product_id, customer, review, star, created_at, updated_at) VALUES (293, 9, 'Solon Heidenreich MD', 'Aperiam ratione aut sed hic molestiae. Qui sed aut officiis dolores nobis dolores natus. Magnam doloribus maxime nostrum velit qui est. Recusandae sint qui iure omnis nulla consequatur consequuntur. Saepe ut vel fuga.', 3, '2018-08-12 11:51:00', '2018-08-12 11:51:00');
INSERT INTO eapi.reviews (id, product_id, customer, review, star, created_at, updated_at) VALUES (294, 29, 'Jaime Wilderman', 'Et est dolores repellendus. Fugit possimus explicabo enim dolores corrupti qui eligendi culpa. Accusantium nihil odio assumenda aliquam.', 3, '2018-08-12 11:51:00', '2018-08-12 11:51:00');
INSERT INTO eapi.reviews (id, product_id, customer, review, star, created_at, updated_at) VALUES (295, 38, 'Dr. Elsie Gusikowski', 'Eius vero natus dolorum dicta delectus autem rerum id. Quia provident incidunt pariatur quia cum. Aliquid sint debitis voluptatum alias distinctio quis. Asperiores provident quaerat commodi quisquam.', 5, '2018-08-12 11:51:00', '2018-08-12 11:51:00');
INSERT INTO eapi.reviews (id, product_id, customer, review, star, created_at, updated_at) VALUES (296, 23, 'Lester Mueller', 'Et et recusandae quibusdam perferendis voluptas. Recusandae ipsum qui nam tempora deleniti. Repellendus exercitationem perferendis labore a. Illo cupiditate quas commodi sint at ut.', 0, '2018-08-12 11:51:00', '2018-08-12 11:51:00');
INSERT INTO eapi.reviews (id, product_id, customer, review, star, created_at, updated_at) VALUES (297, 43, 'Prof. Augustus Kuvalis Sr.', 'Expedita dolorem ipsa veritatis sed placeat voluptatum cumque voluptas. Illo voluptas velit enim earum ut nesciunt. Numquam cupiditate et non doloribus eius illum. Maiores distinctio architecto vel inventore nulla.', 0, '2018-08-12 11:51:00', '2018-08-12 11:51:00');
INSERT INTO eapi.reviews (id, product_id, customer, review, star, created_at, updated_at) VALUES (298, 2, 'Zachery Wehner', 'Suscipit nisi corporis qui et natus animi tempora. Porro voluptatem aut animi voluptatum et omnis hic. Explicabo ipsa cumque quis omnis. Ut sit modi similique quae quasi.', 1, '2018-08-12 11:51:00', '2018-08-12 11:51:00');
INSERT INTO eapi.reviews (id, product_id, customer, review, star, created_at, updated_at) VALUES (299, 40, 'Mariana Mills', 'Voluptatibus animi voluptatum et voluptatem perferendis occaecati dolores aut. Dolor harum accusamus qui. Itaque illum sint sed id modi cum. Perferendis veritatis nostrum adipisci vel.', 3, '2018-08-12 11:51:00', '2018-08-12 11:51:00');
INSERT INTO eapi.reviews (id, product_id, customer, review, star, created_at, updated_at) VALUES (300, 25, 'Zelma Borer', 'Facilis ea qui est laborum accusamus corrupti. Consequatur excepturi id voluptate vero.', 3, '2018-08-12 11:51:00', '2018-08-12 11:51:00');
CREATE TABLE eapi.users
(
    id int(10) unsigned PRIMARY KEY NOT NULL AUTO_INCREMENT,
    name varchar(191) NOT NULL,
    email varchar(191) NOT NULL,
    password varchar(191) NOT NULL,
    remember_token varchar(100),
    created_at timestamp,
    updated_at timestamp
);
CREATE UNIQUE INDEX users_email_unique ON eapi.users (email);